disasterNumber,totalNumberIaApproved,totalAmountIhpApproved,totalAmountHaApproved,totalAmountOnaApproved,totalObligatedAmountPa,totalObligatedAmountCatAb,totalObligatedAmountCatC2g,paLoadDate,iaLoadDate,totalObligatedAmountHmgp,hash.x,lastRefresh.x,id.x,femaDeclarationString,state,declarationType,declarationDate,fyDeclared,incidentType,declarationTitle,ihProgramDeclared,iaProgramDeclared,paProgramDeclared,hmProgramDeclared,incidentBeginDate,incidentEndDate,disasterCloseoutDate,tribalRequest,fipsStateCode,fipsCountyCode,placeCode,designatedArea,declarationRequestNumber,lastIAFilingDate,lastRefresh.y,hash.y,id.y,incidentYear
4477,NA,NA,NA,NA,5393346.7,273501.98,4325060.37,2023-11-02T00:00:00Z,NA,914831.3,86dfd9dbed9babd3e2db03ecd704ba6f73a632be,2023-11-02T04:02:44Z,2e13bea1-3c4f-47fc-9405-ee0cd8ce9b46,DR-4477-WI,WI,DR,2020-03-11T00:00:00Z,2020,Flood,SEVERE WINTER STORM AND FLOODING,0,0,1,1,2020-01-10T00:00:00Z,2020-01-12T00:00:00Z,NA,0,55,059,99059,Kenosha (County),20011,NA,2023-05-22T03:41:22Z,47455d8492500baa1d740cf6a3302afbff9e9d75,98e61a3b-760b-4e34-ae96-c76dab79ee77,2020
4477,NA,NA,NA,NA,5393346.7,273501.98,4325060.37,2023-11-02T00:00:00Z,NA,914831.3,86dfd9dbed9babd3e2db03ecd704ba6f73a632be,2023-11-02T04:02:44Z,2e13bea1-3c4f-47fc-9405-ee0cd8ce9b46,DR-4477-WI,WI,DR,2020-03-11T00:00:00Z,2020,Flood,SEVERE WINTER STORM AND FLOODING,0,0,1,1,2020-01-10T00:00:00Z,2020-01-12T00:00:00Z,NA,0,55,079,99079,Milwaukee (County),20011,NA,2023-05-22T03:41:22Z,5a1cdfad675f09042864ff555ec3975ec3287840,77d2822d-c10f-4d7f-a0ec-ae1db97ef441,2020
4477,NA,NA,NA,NA,5393346.7,273501.98,4325060.37,2023-11-02T00:00:00Z,NA,914831.3,86dfd9dbed9babd3e2db03ecd704ba6f73a632be,2023-11-02T04:02:44Z,2e13bea1-3c4f-47fc-9405-ee0cd8ce9b46,DR-4477-WI,WI,DR,2020-03-11T00:00:00Z,2020,Flood,SEVERE WINTER STORM AND FLOODING,0,0,1,1,2020-01-10T00:00:00Z,2020-01-12T00:00:00Z,NA,0,55,101,99101,Racine (County),20011,NA,2023-05-22T03:41:22Z,df15e31fb03ac20f69a4ecef6d23cbbc9dc70722,93dbbb8b-ec8b-441e-9397-7eb44bf57a0c,2020
4519,165,2242253.35,2069844.91,172408.44,5211308.74,436586.61,4224689.69,2023-11-02T00:00:00Z,2023-11-02T00:00:00Z,2818297,cedf0dcddece228bc2f8a7b9015cfb61719cdd37,2023-11-02T05:42:36Z,b3a29480-6231-43cd-ac2f-77086809634b,DR-4519-OR,OR,DR,2020-04-03T00:00:00Z,2020,Flood,"SEVERE STORMS, FLOODING, LANDSLIDES, AND MUDSLIDES",0,0,1,1,2020-02-05T00:00:00Z,2020-02-09T00:00:00Z,NA,0,41,061,99061,Union (County),20142,2020-07-02T00:00:00Z,2023-05-22T03:41:22Z,7ea27598a8cee04cc347861cced239c41790fe84,dc00ba43-7fc0-4b1d-97dd-14a9a583e9e1,2020
4519,165,2242253.35,2069844.91,172408.44,5211308.74,436586.61,4224689.69,2023-11-02T00:00:00Z,2023-11-02T00:00:00Z,2818297,cedf0dcddece228bc2f8a7b9015cfb61719cdd37,2023-11-02T05:42:36Z,b3a29480-6231-43cd-ac2f-77086809634b,DR-4519-OR,OR,DR,2020-04-03T00:00:00Z,2020,Flood,"SEVERE STORMS, FLOODING, LANDSLIDES, AND MUDSLIDES",0,0,1,1,2020-02-05T00:00:00Z,2020-02-09T00:00:00Z,NA,0,41,063,99063,Wallowa (County),20142,2020-07-02T00:00:00Z,2023-05-22T03:41:22Z,9728189df0194008a822d1e90e44b962974db90d,78e2dbb9-b6aa-4e28-92c7-dc82b64c2133,2020
4519,165,2242253.35,2069844.91,172408.44,5211308.74,436586.61,4224689.69,2023-11-02T00:00:00Z,2023-11-02T00:00:00Z,2818297,cedf0dcddece228bc2f8a7b9015cfb61719cdd37,2023-11-02T05:42:36Z,b3a29480-6231-43cd-ac2f-77086809634b,DR-4519-OR,OR,DR,2020-04-03T00:00:00Z,2020,Flood,"SEVERE STORMS, FLOODING, LANDSLIDES, AND MUDSLIDES",1,0,1,1,2020-02-05T00:00:00Z,2020-02-09T00:00:00Z,NA,0,41,000,75750,Umatilla Indian Reservation,20142,2020-07-02T00:00:00Z,2023-05-22T03:41:22Z,829ac1985d29f111b772ce34b7507f6bc9a14869,39b1255d-97c8-4651-9b6e-1f6755471bb3,2020
4519,165,2242253.35,2069844.91,172408.44,5211308.74,436586.61,4224689.69,2023-11-02T00:00:00Z,2023-11-02T00:00:00Z,2818297,cedf0dcddece228bc2f8a7b9015cfb61719cdd37,2023-11-02T05:42:36Z,b3a29480-6231-43cd-ac2f-77086809634b,DR-4519-OR,OR,DR,2020-04-03T00:00:00Z,2020,Flood,"SEVERE STORMS, FLOODING, LANDSLIDES, AND MUDSLIDES",1,0,1,1,2020-02-05T00:00:00Z,2020-02-09T00:00:00Z,NA,0,41,059,99059,Umatilla (County),20142,2020-07-02T00:00:00Z,2023-05-22T03:41:22Z,fc8235276dbd5fe345a8b319feca1b59f9b4f0c2,17a39b8c-5cf1-4da6-b404-71c3ad79def1,2020
4539,NA,NA,NA,NA,37304431.1,2740005.33,33748562.56,2023-11-02T00:00:00Z,NA,4741267.5,72be8432111b91b1aef47670c81777c22a8443fa,2023-11-02T04:02:44Z,e67771da-6c8d-4d8f-847f-e95a51211e26,DR-4539-WA,WA,DR,2020-04-23T00:00:00Z,2020,Flood,"SEVERE STORMS, FLOODING, LANDSLIDES, AND MUDSLIDES",0,0,1,1,2020-01-20T00:00:00Z,2020-02-10T00:00:00Z,NA,0,53,013,99013,Columbia (County),20108,NA,2023-05-22T03:41:22Z,9a9451e59a1fe49edb963c46a2eb94f83c515b91,d104e36d-b9e1-4e15-a457-0e1cd3019e1f,2020
4539,NA,NA,NA,NA,37304431.1,2740005.33,33748562.56,2023-11-02T00:00:00Z,NA,4741267.5,72be8432111b91b1aef47670c81777c22a8443fa,2023-11-02T04:02:44Z,e67771da-6c8d-4d8f-847f-e95a51211e26,DR-4539-WA,WA,DR,2020-04-23T00:00:00Z,2020,Flood,"SEVERE STORMS, FLOODING, LANDSLIDES, AND MUDSLIDES",0,0,1,1,2020-01-20T00:00:00Z,2020-02-10T00:00:00Z,NA,0,53,023,99023,Garfield (County),20108,NA,2023-05-22T03:41:22Z,18290f8bf6b396c90e9e65f54a5f5c4bda6bec17,4d667310-4f1b-4a1f-955d-36991477817d,2020
4539,NA,NA,NA,NA,37304431.1,2740005.33,33748562.56,2023-11-02T00:00:00Z,NA,4741267.5,72be8432111b91b1aef47670c81777c22a8443fa,2023-11-02T04:02:44Z,e67771da-6c8d-4d8f-847f-e95a51211e26,DR-4539-WA,WA,DR,2020-04-23T00:00:00Z,2020,Flood,"SEVERE STORMS, FLOODING, LANDSLIDES, AND MUDSLIDES",0,0,1,1,2020-01-20T00:00:00Z,2020-02-10T00:00:00Z,NA,0,53,027,99027,Grays Harbor (County),20108,NA,2023-05-22T03:41:22Z,87826f903ecc3e2b28879a75ff535d8f0c86018f,78263898-8882-4179-b4d9-eb46b5d66214,2020
4539,NA,NA,NA,NA,37304431.1,2740005.33,33748562.56,2023-11-02T00:00:00Z,NA,4741267.5,72be8432111b91b1aef47670c81777c22a8443fa,2023-11-02T04:02:44Z,e67771da-6c8d-4d8f-847f-e95a51211e26,DR-4539-WA,WA,DR,2020-04-23T00:00:00Z,2020,Flood,"SEVERE STORMS, FLOODING, LANDSLIDES, AND MUDSLIDES",0,0,1,1,2020-01-20T00:00:00Z,2020-02-10T00:00:00Z,NA,0,53,029,99029,Island (County),20108,NA,2023-05-22T03:41:22Z,ee43071067798e67a5918fc7168ae2b4c94ea09e,e59432be-ce69-4690-b724-862c2dea32bb,2020
4539,NA,NA,NA,NA,37304431.1,2740005.33,33748562.56,2023-11-02T00:00:00Z,NA,4741267.5,72be8432111b91b1aef47670c81777c22a8443fa,2023-11-02T04:02:44Z,e67771da-6c8d-4d8f-847f-e95a51211e26,DR-4539-WA,WA,DR,2020-04-23T00:00:00Z,2020,Flood,"SEVERE STORMS, FLOODING, LANDSLIDES, AND MUDSLIDES",0,0,1,1,2020-01-20T00:00:00Z,2020-02-10T00:00:00Z,NA,0,53,033,99033,King (County),20108,NA,2023-05-22T03:41:22Z,fed72e399fc0744b6b32e4d43d8d2a463c656c57,772a6126-cff6-4a7d-9019-beca35fe0b24,2020
4539,NA,NA,NA,NA,37304431.1,2740005.33,33748562.56,2023-11-02T00:00:00Z,NA,4741267.5,72be8432111b91b1aef47670c81777c22a8443fa,2023-11-02T04:02:44Z,e67771da-6c8d-4d8f-847f-e95a51211e26,DR-4539-WA,WA,DR,2020-04-23T00:00:00Z,2020,Flood,"SEVERE STORMS, FLOODING, LANDSLIDES, AND MUDSLIDES",0,0,1,1,2020-01-20T00:00:00Z,2020-02-10T00:00:00Z,NA,0,53,041,99041,Lewis (County),20108,NA,2023-05-22T03:41:22Z,25b78460861bb3ff15f8cf9f021ed841d977b86e,f3077e65-6545-4434-88de-374acdce002c,2020
4539,NA,NA,NA,NA,37304431.1,2740005.33,33748562.56,2023-11-02T00:00:00Z,NA,4741267.5,72be8432111b91b1aef47670c81777c22a8443fa,2023-11-02T04:02:44Z,e67771da-6c8d-4d8f-847f-e95a51211e26,DR-4539-WA,WA,DR,2020-04-23T00:00:00Z,2020,Flood,"SEVERE STORMS, FLOODING, LANDSLIDES, AND MUDSLIDES",0,0,1,1,2020-01-20T00:00:00Z,2020-02-10T00:00:00Z,NA,0,53,045,99045,Mason (County),20108,NA,2023-05-22T03:41:22Z,f671af2d560a456fa834fab154fda56b063af059,dfac65ac-9c98-4241-9d21-e0e53160a16b,2020
4539,NA,NA,NA,NA,37304431.1,2740005.33,33748562.56,2023-11-02T00:00:00Z,NA,4741267.5,72be8432111b91b1aef47670c81777c22a8443fa,2023-11-02T04:02:44Z,e67771da-6c8d-4d8f-847f-e95a51211e26,DR-4539-WA,WA,DR,2020-04-23T00:00:00Z,2020,Flood,"SEVERE STORMS, FLOODING, LANDSLIDES, AND MUDSLIDES",0,0,1,1,2020-01-20T00:00:00Z,2020-02-10T00:00:00Z,NA,0,53,049,99049,Pacific (County),20108,NA,2023-05-22T03:41:22Z,4901de7ef3f0226f84447641ecd1220f4e15e32f,c1adcd9a-957c-40b1-bc7c-998583016f0a,2020
4539,NA,NA,NA,NA,37304431.1,2740005.33,33748562.56,2023-11-02T00:00:00Z,NA,4741267.5,72be8432111b91b1aef47670c81777c22a8443fa,2023-11-02T04:02:44Z,e67771da-6c8d-4d8f-847f-e95a51211e26,DR-4539-WA,WA,DR,2020-04-23T00:00:00Z,2020,Flood,"SEVERE STORMS, FLOODING, LANDSLIDES, AND MUDSLIDES",0,0,1,1,2020-01-20T00:00:00Z,2020-02-10T00:00:00Z,NA,0,53,055,99055,San Juan (County),20108,NA,2023-05-22T03:41:22Z,1bc3bbb48b93422c1e85982c361ad5e717783a26,7c4c2329-c9f8-466a-a60d-6f03bd25b11d,2020
4539,NA,NA,NA,NA,37304431.1,2740005.33,33748562.56,2023-11-02T00:00:00Z,NA,4741267.5,72be8432111b91b1aef47670c81777c22a8443fa,2023-11-02T04:02:44Z,e67771da-6c8d-4d8f-847f-e95a51211e26,DR-4539-WA,WA,DR,2020-04-23T00:00:00Z,2020,Flood,"SEVERE STORMS, FLOODING, LANDSLIDES, AND MUDSLIDES",0,0,1,1,2020-01-20T00:00:00Z,2020-02-10T00:00:00Z,NA,0,53,057,99057,Skagit (County),20108,NA,2023-05-22T03:41:22Z,7c82b1c12a7344f5dcb329b3267de553dd3a05b5,2e72df3d-aa3b-4a6a-868c-ca2a1ee12055,2020
4539,NA,NA,NA,NA,37304431.1,2740005.33,33748562.56,2023-11-02T00:00:00Z,NA,4741267.5,72be8432111b91b1aef47670c81777c22a8443fa,2023-11-02T04:02:44Z,e67771da-6c8d-4d8f-847f-e95a51211e26,DR-4539-WA,WA,DR,2020-04-23T00:00:00Z,2020,Flood,"SEVERE STORMS, FLOODING, LANDSLIDES, AND MUDSLIDES",0,0,1,1,2020-01-20T00:00:00Z,2020-02-10T00:00:00Z,NA,0,53,061,99061,Snohomish (County),20108,NA,2023-05-22T03:41:22Z,964ddc1afd81037d3d28e3936578647725a5e2b2,45f650c8-dc61-4b36-b1f2-e695d0930c99,2020
4539,NA,NA,NA,NA,37304431.1,2740005.33,33748562.56,2023-11-02T00:00:00Z,NA,4741267.5,72be8432111b91b1aef47670c81777c22a8443fa,2023-11-02T04:02:44Z,e67771da-6c8d-4d8f-847f-e95a51211e26,DR-4539-WA,WA,DR,2020-04-23T00:00:00Z,2020,Flood,"SEVERE STORMS, FLOODING, LANDSLIDES, AND MUDSLIDES",0,0,1,1,2020-01-20T00:00:00Z,2020-02-10T00:00:00Z,NA,0,53,067,99067,Thurston (County),20108,NA,2023-05-22T03:41:22Z,3a3363700079ee2b3c9651a695e3e80d6fa274e4,a9acea26-ef9b-46a9-bdc9-0e850fb0beea,2020
4539,NA,NA,NA,NA,37304431.1,2740005.33,33748562.56,2023-11-02T00:00:00Z,NA,4741267.5,72be8432111b91b1aef47670c81777c22a8443fa,2023-11-02T04:02:44Z,e67771da-6c8d-4d8f-847f-e95a51211e26,DR-4539-WA,WA,DR,2020-04-23T00:00:00Z,2020,Flood,"SEVERE STORMS, FLOODING, LANDSLIDES, AND MUDSLIDES",0,0,1,1,2020-01-20T00:00:00Z,2020-02-10T00:00:00Z,NA,0,53,069,99069,Wahkiakum (County),20108,NA,2023-05-22T03:41:22Z,ff8eca03c4718c7bb4c94b1cbc670ff3c0c6da2b,6b53e559-6d46-46f0-9326-11d7c8745128,2020
4539,NA,NA,NA,NA,37304431.1,2740005.33,33748562.56,2023-11-02T00:00:00Z,NA,4741267.5,72be8432111b91b1aef47670c81777c22a8443fa,2023-11-02T04:02:44Z,e67771da-6c8d-4d8f-847f-e95a51211e26,DR-4539-WA,WA,DR,2020-04-23T00:00:00Z,2020,Flood,"SEVERE STORMS, FLOODING, LANDSLIDES, AND MUDSLIDES",0,0,1,1,2020-01-20T00:00:00Z,2020-02-10T00:00:00Z,NA,0,53,071,99071,Walla Walla (County),20108,NA,2023-05-22T03:41:22Z,e6da39dc78ea5ccc51e7c9585b6152e405eb2f8d,792e7900-a495-433b-a634-4ffbcd655821,2020
4539,NA,NA,NA,NA,37304431.1,2740005.33,33748562.56,2023-11-02T00:00:00Z,NA,4741267.5,72be8432111b91b1aef47670c81777c22a8443fa,2023-11-02T04:02:44Z,e67771da-6c8d-4d8f-847f-e95a51211e26,DR-4539-WA,WA,DR,2020-04-23T00:00:00Z,2020,Flood,"SEVERE STORMS, FLOODING, LANDSLIDES, AND MUDSLIDES",0,0,1,1,2020-01-20T00:00:00Z,2020-02-10T00:00:00Z,NA,0,53,073,99073,Whatcom (County),20108,NA,2023-05-22T03:41:22Z,a5ac5196932995209ccd85b5371d07d21fadd537,acf2842b-5d01-476c-858a-06d49857c641,2020
4553,NA,NA,NA,NA,10899964.34,1655096.77,8097739.01,2023-11-02T00:00:00Z,NA,1482076.19,832bbaa0ee2cf08dc573130e589e8e8233aebe0e,2023-11-02T04:02:44Z,da6e7ae6-32b6-4dde-b14e-2ff898d48497,DR-4553-ND,ND,DR,2020-07-09T00:00:00Z,2020,Flood,FLOODING,0,0,1,1,2020-04-01T00:00:00Z,2020-04-25T00:00:00Z,NA,0,38,003,99003,Barnes (County),20188,NA,2023-05-22T03:41:22Z,043cce4b12e23b966ee67af16700c537ab5dbd91,b0ae3372-781d-4adf-819f-88ac382593ca,2020
4553,NA,NA,NA,NA,10899964.34,1655096.77,8097739.01,2023-11-02T00:00:00Z,NA,1482076.19,832bbaa0ee2cf08dc573130e589e8e8233aebe0e,2023-11-02T04:02:44Z,da6e7ae6-32b6-4dde-b14e-2ff898d48497,DR-4553-ND,ND,DR,2020-07-09T00:00:00Z,2020,Flood,FLOODING,0,0,1,1,2020-04-01T00:00:00Z,2020-04-25T00:00:00Z,NA,0,38,017,99017,Cass (County),20188,NA,2023-05-22T03:41:22Z,55dac6619be62f8f9f434066f692a4f4fe967f54,f9d48228-0637-433b-be22-6d2c12879f17,2020
4553,NA,NA,NA,NA,10899964.34,1655096.77,8097739.01,2023-11-02T00:00:00Z,NA,1482076.19,832bbaa0ee2cf08dc573130e589e8e8233aebe0e,2023-11-02T04:02:44Z,da6e7ae6-32b6-4dde-b14e-2ff898d48497,DR-4553-ND,ND,DR,2020-07-09T00:00:00Z,2020,Flood,FLOODING,0,0,1,1,2020-04-01T00:00:00Z,2020-04-25T00:00:00Z,NA,0,38,021,99021,Dickey (County),20188,NA,2023-05-22T03:41:22Z,fd552ffaf4d43e602ddad5b8cc8aef8f5aad022f,a3828902-9614-49cc-b1cf-6706dc30e566,2020
4553,NA,NA,NA,NA,10899964.34,1655096.77,8097739.01,2023-11-02T00:00:00Z,NA,1482076.19,832bbaa0ee2cf08dc573130e589e8e8233aebe0e,2023-11-02T04:02:44Z,da6e7ae6-32b6-4dde-b14e-2ff898d48497,DR-4553-ND,ND,DR,2020-07-09T00:00:00Z,2020,Flood,FLOODING,0,0,1,1,2020-04-01T00:00:00Z,2020-04-25T00:00:00Z,NA,0,38,031,99031,Foster (County),20188,NA,2023-05-22T03:41:22Z,9f31e7d86b3a92159b6272a82a76fbe2fecff811,8d0f9935-f2e2-429d-90c5-551372df12c4,2020
4553,NA,NA,NA,NA,10899964.34,1655096.77,8097739.01,2023-11-02T00:00:00Z,NA,1482076.19,832bbaa0ee2cf08dc573130e589e8e8233aebe0e,2023-11-02T04:02:44Z,da6e7ae6-32b6-4dde-b14e-2ff898d48497,DR-4553-ND,ND,DR,2020-07-09T00:00:00Z,2020,Flood,FLOODING,0,0,1,1,2020-04-01T00:00:00Z,2020-04-25T00:00:00Z,NA,0,38,035,99035,Grand Forks (County),20188,NA,2023-05-22T03:41:22Z,691298b683bbf46c53654708a3ca546bc234f894,0dac716e-c866-4afc-ae7d-c5c864c67838,2020
4553,NA,NA,NA,NA,10899964.34,1655096.77,8097739.01,2023-11-02T00:00:00Z,NA,1482076.19,832bbaa0ee2cf08dc573130e589e8e8233aebe0e,2023-11-02T04:02:44Z,da6e7ae6-32b6-4dde-b14e-2ff898d48497,DR-4553-ND,ND,DR,2020-07-09T00:00:00Z,2020,Flood,FLOODING,0,0,1,1,2020-04-01T00:00:00Z,2020-04-25T00:00:00Z,NA,0,38,043,99043,Kidder (County),20188,NA,2023-05-22T03:41:22Z,32704f4749584877c4c355a19b71ade6e4e37134,538e733a-e174-4b05-967b-8c62f4cee961,2020
4553,NA,NA,NA,NA,10899964.34,1655096.77,8097739.01,2023-11-02T00:00:00Z,NA,1482076.19,832bbaa0ee2cf08dc573130e589e8e8233aebe0e,2023-11-02T04:02:44Z,da6e7ae6-32b6-4dde-b14e-2ff898d48497,DR-4553-ND,ND,DR,2020-07-09T00:00:00Z,2020,Flood,FLOODING,0,0,1,1,2020-04-01T00:00:00Z,2020-04-25T00:00:00Z,NA,0,38,045,99045,LaMoure (County),20188,NA,2023-05-22T03:41:22Z,3492411f0d82802c45e0e50120b4b6cf82a3a332,31c7cb35-6730-4b8a-85ed-0ed70282d533,2020
4553,NA,NA,NA,NA,10899964.34,1655096.77,8097739.01,2023-11-02T00:00:00Z,NA,1482076.19,832bbaa0ee2cf08dc573130e589e8e8233aebe0e,2023-11-02T04:02:44Z,da6e7ae6-32b6-4dde-b14e-2ff898d48497,DR-4553-ND,ND,DR,2020-07-09T00:00:00Z,2020,Flood,FLOODING,0,0,1,1,2020-04-01T00:00:00Z,2020-04-25T00:00:00Z,NA,0,38,047,99047,Logan (County),20188,NA,2023-05-22T03:41:22Z,078c4a0d386a29d56afd002a6255691a02b68166,587c0d44-f549-404b-a857-30a2399bf02f,2020
4553,NA,NA,NA,NA,10899964.34,1655096.77,8097739.01,2023-11-02T00:00:00Z,NA,1482076.19,832bbaa0ee2cf08dc573130e589e8e8233aebe0e,2023-11-02T04:02:44Z,da6e7ae6-32b6-4dde-b14e-2ff898d48497,DR-4553-ND,ND,DR,2020-07-09T00:00:00Z,2020,Flood,FLOODING,0,0,1,1,2020-04-01T00:00:00Z,2020-04-25T00:00:00Z,NA,0,38,051,99051,McIntosh (County),20188,NA,2023-05-22T03:41:22Z,06aee34ace3cd384e234b213270200917b57ca78,01bd1979-0aba-446b-8bbf-7e0b722fb66f,2020
4553,NA,NA,NA,NA,10899964.34,1655096.77,8097739.01,2023-11-02T00:00:00Z,NA,1482076.19,832bbaa0ee2cf08dc573130e589e8e8233aebe0e,2023-11-02T04:02:44Z,da6e7ae6-32b6-4dde-b14e-2ff898d48497,DR-4553-ND,ND,DR,2020-07-09T00:00:00Z,2020,Flood,FLOODING,0,0,1,1,2020-04-01T00:00:00Z,2020-04-25T00:00:00Z,NA,0,38,063,99063,Nelson (County),20188,NA,2023-05-22T03:41:22Z,993900d7e995b4e64fd1e3bbcb5f481c053c6178,97b4c0cc-2fe6-4fa3-8834-a286c5c5eb50,2020
4553,NA,NA,NA,NA,10899964.34,1655096.77,8097739.01,2023-11-02T00:00:00Z,NA,1482076.19,832bbaa0ee2cf08dc573130e589e8e8233aebe0e,2023-11-02T04:02:44Z,da6e7ae6-32b6-4dde-b14e-2ff898d48497,DR-4553-ND,ND,DR,2020-07-09T00:00:00Z,2020,Flood,FLOODING,0,0,1,1,2020-04-01T00:00:00Z,2020-04-25T00:00:00Z,NA,0,38,067,99067,Pembina (County),20188,NA,2023-05-22T03:41:22Z,bf9f38b46934e9620e987060c28367fb0a7dae9d,c70f3a16-f41a-443f-8843-7441f107ea43,2020
4553,NA,NA,NA,NA,10899964.34,1655096.77,8097739.01,2023-11-02T00:00:00Z,NA,1482076.19,832bbaa0ee2cf08dc573130e589e8e8233aebe0e,2023-11-02T04:02:44Z,da6e7ae6-32b6-4dde-b14e-2ff898d48497,DR-4553-ND,ND,DR,2020-07-09T00:00:00Z,2020,Flood,FLOODING,0,0,1,1,2020-04-01T00:00:00Z,2020-04-25T00:00:00Z,NA,0,38,073,99073,Ransom (County),20188,NA,2023-05-22T03:41:22Z,6e13103179bc22a8ea8a16f2315d71880a64afe6,e91c21e6-95dc-44fa-8a14-8df22429905f,2020
4553,NA,NA,NA,NA,10899964.34,1655096.77,8097739.01,2023-11-02T00:00:00Z,NA,1482076.19,832bbaa0ee2cf08dc573130e589e8e8233aebe0e,2023-11-02T04:02:44Z,da6e7ae6-32b6-4dde-b14e-2ff898d48497,DR-4553-ND,ND,DR,2020-07-09T00:00:00Z,2020,Flood,FLOODING,0,0,1,1,2020-04-01T00:00:00Z,2020-04-25T00:00:00Z,NA,0,38,077,99077,Richland (County),20188,NA,2023-05-22T03:41:22Z,f486310ac83cc98bf80782884dd79824dd682e69,ef5cdfcc-950c-4007-939a-4bc5d171c2dd,2020
4553,NA,NA,NA,NA,10899964.34,1655096.77,8097739.01,2023-11-02T00:00:00Z,NA,1482076.19,832bbaa0ee2cf08dc573130e589e8e8233aebe0e,2023-11-02T04:02:44Z,da6e7ae6-32b6-4dde-b14e-2ff898d48497,DR-4553-ND,ND,DR,2020-07-09T00:00:00Z,2020,Flood,FLOODING,0,0,1,1,2020-04-01T00:00:00Z,2020-04-25T00:00:00Z,NA,0,38,081,99081,Sargent (County),20188,NA,2023-05-22T03:41:22Z,add59ad1f2446313532afd735c03fef18a050d2a,383f7ee7-4bf4-4e55-aa93-1b0397849ed7,2020
4553,NA,NA,NA,NA,10899964.34,1655096.77,8097739.01,2023-11-02T00:00:00Z,NA,1482076.19,832bbaa0ee2cf08dc573130e589e8e8233aebe0e,2023-11-02T04:02:44Z,da6e7ae6-32b6-4dde-b14e-2ff898d48497,DR-4553-ND,ND,DR,2020-07-09T00:00:00Z,2020,Flood,FLOODING,0,0,1,1,2020-04-01T00:00:00Z,2020-04-25T00:00:00Z,NA,0,38,083,99083,Sheridan (County),20188,NA,2023-05-22T03:41:22Z,71f75b68b1b9d2add6a0ff9d03f480746635cefd,e2df77f8-6cc9-46a6-8148-5a050e6369c6,2020
4553,NA,NA,NA,NA,10899964.34,1655096.77,8097739.01,2023-11-02T00:00:00Z,NA,1482076.19,832bbaa0ee2cf08dc573130e589e8e8233aebe0e,2023-11-02T04:02:44Z,da6e7ae6-32b6-4dde-b14e-2ff898d48497,DR-4553-ND,ND,DR,2020-07-09T00:00:00Z,2020,Flood,FLOODING,0,0,1,1,2020-04-01T00:00:00Z,2020-04-25T00:00:00Z,NA,0,38,091,99091,Steele (County),20188,NA,2023-05-22T03:41:22Z,12de9ac842a299a237903fb9bf3fa4fca9d5dbb9,659d1365-131a-41ad-bf89-41f9f3ddd28c,2020
4553,NA,NA,NA,NA,10899964.34,1655096.77,8097739.01,2023-11-02T00:00:00Z,NA,1482076.19,832bbaa0ee2cf08dc573130e589e8e8233aebe0e,2023-11-02T04:02:44Z,da6e7ae6-32b6-4dde-b14e-2ff898d48497,DR-4553-ND,ND,DR,2020-07-09T00:00:00Z,2020,Flood,FLOODING,0,0,1,1,2020-04-01T00:00:00Z,2020-04-25T00:00:00Z,NA,0,38,093,99093,Stutsman (County),20188,NA,2023-05-22T03:41:22Z,24d53976c6e4a4da172133b8215baf1f2c12fbfd,50d731d1-9644-4049-bba5-760f8f294e45,2020
4553,NA,NA,NA,NA,10899964.34,1655096.77,8097739.01,2023-11-02T00:00:00Z,NA,1482076.19,832bbaa0ee2cf08dc573130e589e8e8233aebe0e,2023-11-02T04:02:44Z,da6e7ae6-32b6-4dde-b14e-2ff898d48497,DR-4553-ND,ND,DR,2020-07-09T00:00:00Z,2020,Flood,FLOODING,0,0,1,1,2020-04-01T00:00:00Z,2020-04-25T00:00:00Z,NA,0,38,097,99097,Traill (County),20188,NA,2023-05-22T03:41:22Z,b6ddab70544d4dda5e9be0e13a7e474ca90d673e,a88be178-7360-4d44-b0b0-c722c92e551b,2020
4553,NA,NA,NA,NA,10899964.34,1655096.77,8097739.01,2023-11-02T00:00:00Z,NA,1482076.19,832bbaa0ee2cf08dc573130e589e8e8233aebe0e,2023-11-02T04:02:44Z,da6e7ae6-32b6-4dde-b14e-2ff898d48497,DR-4553-ND,ND,DR,2020-07-09T00:00:00Z,2020,Flood,FLOODING,0,0,1,1,2020-04-01T00:00:00Z,2020-04-25T00:00:00Z,NA,0,38,099,99099,Walsh (County),20188,NA,2023-05-22T03:41:22Z,4af96fd191941507f7a7c186325aecd2448e508c,67580877-e337-430e-9b95-b7767cd4d912,2020
4553,NA,NA,NA,NA,10899964.34,1655096.77,8097739.01,2023-11-02T00:00:00Z,NA,1482076.19,832bbaa0ee2cf08dc573130e589e8e8233aebe0e,2023-11-02T04:02:44Z,da6e7ae6-32b6-4dde-b14e-2ff898d48497,DR-4553-ND,ND,DR,2020-07-09T00:00:00Z,2020,Flood,FLOODING,0,0,1,1,2020-04-01T00:00:00Z,2020-04-25T00:00:00Z,NA,0,38,103,99103,Wells (County),20188,NA,2023-05-22T03:41:22Z,016606b3bcc414d7f4f024c39d834072ec7501d2,7f249912-df85-484c-b4d0-0519f28c4694,2020
4571,83,346304.76,186566.04,159738.72,NA,NA,NA,NA,2023-11-02T00:00:00Z,0,ecb7cb0c8f2a1ab2b7d6f806029167ed58fcab6b,2023-11-02T05:42:36Z,4d21ea00-6dcc-48f1-8c30-44a67e110f2e,DR-4571-PR,PR,DR,2020-11-05T00:00:00Z,2021,Flood,SEVERE STORM AND FLOODING,1,0,0,0,2020-09-13T00:00:00Z,2020-09-13T00:00:00Z,NA,0,72,013,99013,Arecibo (Municipio),20315,2021-01-04T00:00:00Z,2023-05-22T03:41:22Z,ed3eb181271b6771c500afb341ebb6deb3783018,8fd053e4-2998-4f39-997f-596460db0440,2020
4595,1336,10038254.14,8551668.81,1486585.33,89102066.57,3652533.55,77920613.03,2023-11-02T00:00:00Z,2023-11-02T00:00:00Z,8211220.38,7293a7113f5ac4fc5b657925bf5baca629f10f3e,2023-11-02T05:42:36Z,6c857ac6-15e7-494e-abbf-228136e623f1,DR-4595-KY,KY,DR,2021-04-23T00:00:00Z,2021,Flood,"SEVERE, STORMS, FLOODING, LANDSLIDES, AND MUDSLIDES",0,0,1,1,2021-02-27T00:00:00Z,2021-03-14T00:00:00Z,NA,0,21,007,99007,Ballard (County),21025,2021-07-23T00:00:00Z,2023-05-22T03:41:22Z,d78bd86754dc63a8fbfe51f87f2965a18e009480,bf1065d5-cb75-4821-9a7f-b63807192dbb,2021
4595,1336,10038254.14,8551668.81,1486585.33,89102066.57,3652533.55,77920613.03,2023-11-02T00:00:00Z,2023-11-02T00:00:00Z,8211220.38,7293a7113f5ac4fc5b657925bf5baca629f10f3e,2023-11-02T05:42:36Z,6c857ac6-15e7-494e-abbf-228136e623f1,DR-4595-KY,KY,DR,2021-04-23T00:00:00Z,2021,Flood,"SEVERE, STORMS, FLOODING, LANDSLIDES, AND MUDSLIDES",0,0,1,1,2021-02-27T00:00:00Z,2021-03-14T00:00:00Z,NA,0,21,013,99013,Bell (County),21025,2021-07-23T00:00:00Z,2023-05-22T03:41:22Z,ff44e1c9d5bca32ca6650cbea65f89821a39b19e,d5469d7e-b3b3-4147-ac1b-19e8c085399c,2021
4595,1336,10038254.14,8551668.81,1486585.33,89102066.57,3652533.55,77920613.03,2023-11-02T00:00:00Z,2023-11-02T00:00:00Z,8211220.38,7293a7113f5ac4fc5b657925bf5baca629f10f3e,2023-11-02T05:42:36Z,6c857ac6-15e7-494e-abbf-228136e623f1,DR-4595-KY,KY,DR,2021-04-23T00:00:00Z,2021,Flood,"SEVERE, STORMS, FLOODING, LANDSLIDES, AND MUDSLIDES",0,0,1,1,2021-02-27T00:00:00Z,2021-03-14T00:00:00Z,NA,0,21,035,99035,Calloway (County),21025,2021-07-23T00:00:00Z,2023-05-22T03:41:22Z,5106e85c0fae8327b5ab9f3edacf00e4961b850f,6144b487-71e5-4f1d-b45e-ffce8d423e21,2021
4595,1336,10038254.14,8551668.81,1486585.33,89102066.57,3652533.55,77920613.03,2023-11-02T00:00:00Z,2023-11-02T00:00:00Z,8211220.38,7293a7113f5ac4fc5b657925bf5baca629f10f3e,2023-11-02T05:42:36Z,6c857ac6-15e7-494e-abbf-228136e623f1,DR-4595-KY,KY,DR,2021-04-23T00:00:00Z,2021,Flood,"SEVERE, STORMS, FLOODING, LANDSLIDES, AND MUDSLIDES",0,0,1,1,2021-02-27T00:00:00Z,2021-03-14T00:00:00Z,NA,0,21,043,99043,Carter (County),21025,2021-07-23T00:00:00Z,2023-05-22T03:41:22Z,12dac1f154ced3025bbb955d3110fea04c8e84cd,48961dfb-c3be-4e32-9e1b-9e0a13e1c6bc,2021
4595,1336,10038254.14,8551668.81,1486585.33,89102066.57,3652533.55,77920613.03,2023-11-02T00:00:00Z,2023-11-02T00:00:00Z,8211220.38,7293a7113f5ac4fc5b657925bf5baca629f10f3e,2023-11-02T05:42:36Z,6c857ac6-15e7-494e-abbf-228136e623f1,DR-4595-KY,KY,DR,2021-04-23T00:00:00Z,2021,Flood,"SEVERE, STORMS, FLOODING, LANDSLIDES, AND MUDSLIDES",0,0,1,1,2021-02-27T00:00:00Z,2021-03-14T00:00:00Z,NA,0,21,045,99045,Casey (County),21025,2021-07-23T00:00:00Z,2023-05-22T03:41:22Z,4c8b19e995e59389916b305f4d23954ff51603d8,c92dcd68-f6c0-433e-893d-ce7f4a22afe1,2021
4595,1336,10038254.14,8551668.81,1486585.33,89102066.57,3652533.55,77920613.03,2023-11-02T00:00:00Z,2023-11-02T00:00:00Z,8211220.38,7293a7113f5ac4fc5b657925bf5baca629f10f3e,2023-11-02T05:42:36Z,6c857ac6-15e7-494e-abbf-228136e623f1,DR-4595-KY,KY,DR,2021-04-23T00:00:00Z,2021,Flood,"SEVERE, STORMS, FLOODING, LANDSLIDES, AND MUDSLIDES",0,0,1,1,2021-02-27T00:00:00Z,2021-03-14T00:00:00Z,NA,0,21,057,99057,Cumberland (County),21025,2021-07-23T00:00:00Z,2023-05-22T03:41:22Z,bc337ee905605d609922eef3932501b2dfd142c4,bded8968-c5df-4ca5-a53a-ddddaf70cf7d,2021
4595,1336,10038254.14,8551668.81,1486585.33,89102066.57,3652533.55,77920613.03,2023-11-02T00:00:00Z,2023-11-02T00:00:00Z,8211220.38,7293a7113f5ac4fc5b657925bf5baca629f10f3e,2023-11-02T05:42:36Z,6c857ac6-15e7-494e-abbf-228136e623f1,DR-4595-KY,KY,DR,2021-04-23T00:00:00Z,2021,Flood,"SEVERE, STORMS, FLOODING, LANDSLIDES, AND MUDSLIDES",0,0,1,1,2021-02-27T00:00:00Z,2021-03-14T00:00:00Z,NA,0,21,061,99061,Edmonson (County),21025,2021-07-23T00:00:00Z,2023-05-22T03:41:22Z,63914ac677e2f469c6ade92019eb825a9123073f,8992551c-6a5d-44fc-a911-31e2096cebec,2021
4595,1336,10038254.14,8551668.81,1486585.33,89102066.57,3652533.55,77920613.03,2023-11-02T00:00:00Z,2023-11-02T00:00:00Z,8211220.38,7293a7113f5ac4fc5b657925bf5baca629f10f3e,2023-11-02T05:42:36Z,6c857ac6-15e7-494e-abbf-228136e623f1,DR-4595-KY,KY,DR,2021-04-23T00:00:00Z,2021,Flood,"SEVERE, STORMS, FLOODING, LANDSLIDES, AND MUDSLIDES",0,0,1,1,2021-02-27T00:00:00Z,2021-03-14T00:00:00Z,NA,0,21,063,99063,Elliott (County),21025,2021-07-23T00:00:00Z,2023-05-22T03:41:22Z,043c08157a962ebd41a0ac1be7cbc66dc7216f95,90465c18-2e60-4153-a9cd-71241121ba3e,2021
4595,1336,10038254.14,8551668.81,1486585.33,89102066.57,3652533.55,77920613.03,2023-11-02T00:00:00Z,2023-11-02T00:00:00Z,8211220.38,7293a7113f5ac4fc5b657925bf5baca629f10f3e,2023-11-02T05:42:36Z,6c857ac6-15e7-494e-abbf-228136e623f1,DR-4595-KY,KY,DR,2021-04-23T00:00:00Z,2021,Flood,"SEVERE, STORMS, FLOODING, LANDSLIDES, AND MUDSLIDES",0,0,1,1,2021-02-27T00:00:00Z,2021-03-14T00:00:00Z,NA,0,21,083,99083,Graves (County),21025,2021-07-23T00:00:00Z,2023-05-22T03:41:22Z,59761e55c4d6203be2744fd6a06f0a28e7ed19f0,c645381c-6d15-4b6c-aac8-89046dbb22aa,2021
4595,1336,10038254.14,8551668.81,1486585.33,89102066.57,3652533.55,77920613.03,2023-11-02T00:00:00Z,2023-11-02T00:00:00Z,8211220.38,7293a7113f5ac4fc5b657925bf5baca629f10f3e,2023-11-02T05:42:36Z,6c857ac6-15e7-494e-abbf-228136e623f1,DR-4595-KY,KY,DR,2021-04-23T00:00:00Z,2021,Flood,"SEVERE, STORMS, FLOODING, LANDSLIDES, AND MUDSLIDES",0,0,1,1,2021-02-27T00:00:00Z,2021-03-14T00:00:00Z,NA,0,21,095,99095,Harlan (County),21025,2021-07-23T00:00:00Z,2023-05-22T03:41:22Z,1f9f0637e46c5ad373beb5d7dda882c4b8b86d5c,c4d9a98f-81dd-414d-a721-ce704c6de48d,2021
4595,1336,10038254.14,8551668.81,1486585.33,89102066.57,3652533.55,77920613.03,2023-11-02T00:00:00Z,2023-11-02T00:00:00Z,8211220.38,7293a7113f5ac4fc5b657925bf5baca629f10f3e,2023-11-02T05:42:36Z,6c857ac6-15e7-494e-abbf-228136e623f1,DR-4595-KY,KY,DR,2021-04-23T00:00:00Z,2021,Flood,"SEVERE, STORMS, FLOODING, LANDSLIDES, AND MUDSLIDES",0,0,1,1,2021-02-27T00:00:00Z,2021-03-14T00:00:00Z,NA,0,21,121,99121,Knox (County),21025,2021-07-23T00:00:00Z,2023-05-22T03:41:22Z,4f8136a0d72c22ce534b95e0aa9efb286e18be52,a0ab7462-7d25-4405-b8ed-e095daafd972,2021
4595,1336,10038254.14,8551668.81,1486585.33,89102066.57,3652533.55,77920613.03,2023-11-02T00:00:00Z,2023-11-02T00:00:00Z,8211220.38,7293a7113f5ac4fc5b657925bf5baca629f10f3e,2023-11-02T05:42:36Z,6c857ac6-15e7-494e-abbf-228136e623f1,DR-4595-KY,KY,DR,2021-04-23T00:00:00Z,2021,Flood,"SEVERE, STORMS, FLOODING, LANDSLIDES, AND MUDSLIDES",0,0,1,1,2021-02-27T00:00:00Z,2021-03-14T00:00:00Z,NA,0,21,155,99155,Marion (County),21025,2021-07-23T00:00:00Z,2023-05-22T03:41:22Z,f584585bdaf35e32559c36b454c6749c3fac45c0,c38e6674-bbb5-49ac-b3cf-241b6f321f65,2021
4595,1336,10038254.14,8551668.81,1486585.33,89102066.57,3652533.55,77920613.03,2023-11-02T00:00:00Z,2023-11-02T00:00:00Z,8211220.38,7293a7113f5ac4fc5b657925bf5baca629f10f3e,2023-11-02T05:42:36Z,6c857ac6-15e7-494e-abbf-228136e623f1,DR-4595-KY,KY,DR,2021-04-23T00:00:00Z,2021,Flood,"SEVERE, STORMS, FLOODING, LANDSLIDES, AND MUDSLIDES",0,0,1,1,2021-02-27T00:00:00Z,2021-03-14T00:00:00Z,NA,0,21,161,99161,Mason (County),21025,2021-07-23T00:00:00Z,2023-05-22T03:41:22Z,fb4618f7176e08c7a781148f548fd328d707cfc9,c1f4537d-c1d2-42cf-abc7-85cc4f2c29ec,2021
4595,1336,10038254.14,8551668.81,1486585.33,89102066.57,3652533.55,77920613.03,2023-11-02T00:00:00Z,2023-11-02T00:00:00Z,8211220.38,7293a7113f5ac4fc5b657925bf5baca629f10f3e,2023-11-02T05:42:36Z,6c857ac6-15e7-494e-abbf-228136e623f1,DR-4595-KY,KY,DR,2021-04-23T00:00:00Z,2021,Flood,"SEVERE, STORMS, FLOODING, LANDSLIDES, AND MUDSLIDES",0,0,1,1,2021-02-27T00:00:00Z,2021-03-14T00:00:00Z,NA,0,21,165,99165,Menifee (County),21025,2021-07-23T00:00:00Z,2023-05-22T03:41:22Z,bcc2e4faf7191f4cb110362b152b4aa8080840c2,f64b1464-86b2-4f70-ad5a-85002a5a22a3,2021
4595,1336,10038254.14,8551668.81,1486585.33,89102066.57,3652533.55,77920613.03,2023-11-02T00:00:00Z,2023-11-02T00:00:00Z,8211220.38,7293a7113f5ac4fc5b657925bf5baca629f10f3e,2023-11-02T05:42:36Z,6c857ac6-15e7-494e-abbf-228136e623f1,DR-4595-KY,KY,DR,2021-04-23T00:00:00Z,2021,Flood,"SEVERE, STORMS, FLOODING, LANDSLIDES, AND MUDSLIDES",0,0,1,1,2021-02-27T00:00:00Z,2021-03-14T00:00:00Z,NA,0,21,183,99183,Ohio (County),21025,2021-07-23T00:00:00Z,2023-05-22T03:41:22Z,34df26108ff399ff1ba695b9011bd0c286d70032,e5117d1e-e42e-4716-a698-9fc98ef0c126,2021
4595,1336,10038254.14,8551668.81,1486585.33,89102066.57,3652533.55,77920613.03,2023-11-02T00:00:00Z,2023-11-02T00:00:00Z,8211220.38,7293a7113f5ac4fc5b657925bf5baca629f10f3e,2023-11-02T05:42:36Z,6c857ac6-15e7-494e-abbf-228136e623f1,DR-4595-KY,KY,DR,2021-04-23T00:00:00Z,2021,Flood,"SEVERE, STORMS, FLOODING, LANDSLIDES, AND MUDSLIDES",0,0,1,1,2021-02-27T00:00:00Z,2021-03-14T00:00:00Z,NA,0,21,195,99195,Pike (County),21025,2021-07-23T00:00:00Z,2023-05-22T03:41:22Z,b6de3092ea8a5f0b4ad79cbac4f3fc584f7acab9,636e4794-f2a0-4391-9804-a7782ed679a2,2021
4595,1336,10038254.14,8551668.81,1486585.33,89102066.57,3652533.55,77920613.03,2023-11-02T00:00:00Z,2023-11-02T00:00:00Z,8211220.38,7293a7113f5ac4fc5b657925bf5baca629f10f3e,2023-11-02T05:42:36Z,6c857ac6-15e7-494e-abbf-228136e623f1,DR-4595-KY,KY,DR,2021-04-23T00:00:00Z,2021,Flood,"SEVERE, STORMS, FLOODING, LANDSLIDES, AND MUDSLIDES",0,0,1,1,2021-02-27T00:00:00Z,2021-03-14T00:00:00Z,NA,0,21,225,99225,Union (County),21025,2021-07-23T00:00:00Z,2023-05-22T03:41:22Z,e3b02e6d6a99ce15b05ca607823bcdd22682e968,8284c129-aa8b-4961-863b-867754aecf6f,2021
4595,1336,10038254.14,8551668.81,1486585.33,89102066.57,3652533.55,77920613.03,2023-11-02T00:00:00Z,2023-11-02T00:00:00Z,8211220.38,7293a7113f5ac4fc5b657925bf5baca629f10f3e,2023-11-02T05:42:36Z,6c857ac6-15e7-494e-abbf-228136e623f1,DR-4595-KY,KY,DR,2021-04-23T00:00:00Z,2021,Flood,"SEVERE, STORMS, FLOODING, LANDSLIDES, AND MUDSLIDES",0,0,1,1,2021-02-27T00:00:00Z,2021-03-14T00:00:00Z,NA,0,21,235,99235,Whitley (County),21025,2021-07-23T00:00:00Z,2023-05-22T03:41:22Z,175b99c172e37189e27871cee78f0f36c415f617,5f30c721-8859-426f-b49e-7841c9c204c0,2021
4595,1336,10038254.14,8551668.81,1486585.33,89102066.57,3652533.55,77920613.03,2023-11-02T00:00:00Z,2023-11-02T00:00:00Z,8211220.38,7293a7113f5ac4fc5b657925bf5baca629f10f3e,2023-11-02T05:42:36Z,6c857ac6-15e7-494e-abbf-228136e623f1,DR-4595-KY,KY,DR,2021-04-23T00:00:00Z,2021,Flood,"SEVERE, STORMS, FLOODING, LANDSLIDES, AND MUDSLIDES",0,0,1,1,2021-02-27T00:00:00Z,2021-03-14T00:00:00Z,NA,0,21,237,99237,Wolfe (County),21025,2021-07-23T00:00:00Z,2023-05-22T03:41:22Z,5839812a44057022178a6ab3257f9ff8d2c0d2f0,28c300ed-85c3-4308-b06e-74f609808a36,2021
4595,1336,10038254.14,8551668.81,1486585.33,89102066.57,3652533.55,77920613.03,2023-11-02T00:00:00Z,2023-11-02T00:00:00Z,8211220.38,7293a7113f5ac4fc5b657925bf5baca629f10f3e,2023-11-02T05:42:36Z,6c857ac6-15e7-494e-abbf-228136e623f1,DR-4595-KY,KY,DR,2021-04-23T00:00:00Z,2021,Flood,"SEVERE, STORMS, FLOODING, LANDSLIDES, AND MUDSLIDES",1,0,0,1,2021-02-27T00:00:00Z,2021-03-14T00:00:00Z,NA,0,21,005,99005,Anderson (County),21025,2021-07-23T00:00:00Z,2023-05-22T03:41:22Z,3d74940044e7450194fe8dca4b0ad5b1ca3a072f,8ca47748-56fc-48aa-963f-3816ee86f247,2021
4595,1336,10038254.14,8551668.81,1486585.33,89102066.57,3652533.55,77920613.03,2023-11-02T00:00:00Z,2023-11-02T00:00:00Z,8211220.38,7293a7113f5ac4fc5b657925bf5baca629f10f3e,2023-11-02T05:42:36Z,6c857ac6-15e7-494e-abbf-228136e623f1,DR-4595-KY,KY,DR,2021-04-23T00:00:00Z,2021,Flood,"SEVERE, STORMS, FLOODING, LANDSLIDES, AND MUDSLIDES",1,0,0,1,2021-02-27T00:00:00Z,2021-03-14T00:00:00Z,NA,0,21,067,99067,Fayette (County),21025,2021-07-23T00:00:00Z,2023-05-22T03:41:22Z,0528834875f7b8936f6161fcc9d0f6b63988d342,23be6e30-b24d-4dda-be81-2e3f40b4286d,2021
4595,1336,10038254.14,8551668.81,1486585.33,89102066.57,3652533.55,77920613.03,2023-11-02T00:00:00Z,2023-11-02T00:00:00Z,8211220.38,7293a7113f5ac4fc5b657925bf5baca629f10f3e,2023-11-02T05:42:36Z,6c857ac6-15e7-494e-abbf-228136e623f1,DR-4595-KY,KY,DR,2021-04-23T00:00:00Z,2021,Flood,"SEVERE, STORMS, FLOODING, LANDSLIDES, AND MUDSLIDES",1,0,0,1,2021-02-27T00:00:00Z,2021-03-14T00:00:00Z,NA,0,21,113,99113,Jessamine (County),21025,2021-07-23T00:00:00Z,2023-05-22T03:41:22Z,77eab7aeee89db4877180b23350512f359a2d0a4,dadbddd6-ae1b-4dac-8dc2-87706648e235,2021
4595,1336,10038254.14,8551668.81,1486585.33,89102066.57,3652533.55,77920613.03,2023-11-02T00:00:00Z,2023-11-02T00:00:00Z,8211220.38,7293a7113f5ac4fc5b657925bf5baca629f10f3e,2023-11-02T05:42:36Z,6c857ac6-15e7-494e-abbf-228136e623f1,DR-4595-KY,KY,DR,2021-04-23T00:00:00Z,2021,Flood,"SEVERE, STORMS, FLOODING, LANDSLIDES, AND MUDSLIDES",1,0,0,1,2021-02-27T00:00:00Z,2021-03-14T00:00:00Z,NA,0,21,125,99125,Laurel (County),21025,2021-07-23T00:00:00Z,2023-05-22T03:41:22Z,57c6a99b80627aeeec867537c495a49b6c611afe,b1d97fe0-a4d8-4825-9c44-c09e8c0cb435,2021
4595,1336,10038254.14,8551668.81,1486585.33,89102066.57,3652533.55,77920613.03,2023-11-02T00:00:00Z,2023-11-02T00:00:00Z,8211220.38,7293a7113f5ac4fc5b657925bf5baca629f10f3e,2023-11-02T05:42:36Z,6c857ac6-15e7-494e-abbf-228136e623f1,DR-4595-KY,KY,DR,2021-04-23T00:00:00Z,2021,Flood,"SEVERE, STORMS, FLOODING, LANDSLIDES, AND MUDSLIDES",1,0,0,1,2021-02-27T00:00:00Z,2021-03-14T00:00:00Z,NA,0,21,227,99227,Warren (County),21025,2021-07-23T00:00:00Z,2023-05-22T03:41:22Z,cfdd77ee5a3d2f9c20720a8c4167a8cbf746db1a,f1075de6-1539-4f9c-adf1-fd7c4ea9e584,2021
4595,1336,10038254.14,8551668.81,1486585.33,89102066.57,3652533.55,77920613.03,2023-11-02T00:00:00Z,2023-11-02T00:00:00Z,8211220.38,7293a7113f5ac4fc5b657925bf5baca629f10f3e,2023-11-02T05:42:36Z,6c857ac6-15e7-494e-abbf-228136e623f1,DR-4595-KY,KY,DR,2021-04-23T00:00:00Z,2021,Flood,"SEVERE, STORMS, FLOODING, LANDSLIDES, AND MUDSLIDES",1,0,0,1,2021-02-27T00:00:00Z,2021-03-14T00:00:00Z,NA,0,21,239,99239,Woodford (County),21025,2021-07-23T00:00:00Z,2023-05-22T03:41:22Z,afdf5ae59660ade64da343e6de99fe2d23a587c6,153e189c-d524-4f7b-9f7e-ae3065a7c30c,2021
4595,1336,10038254.14,8551668.81,1486585.33,89102066.57,3652533.55,77920613.03,2023-11-02T00:00:00Z,2023-11-02T00:00:00Z,8211220.38,7293a7113f5ac4fc5b657925bf5baca629f10f3e,2023-11-02T05:42:36Z,6c857ac6-15e7-494e-abbf-228136e623f1,DR-4595-KY,KY,DR,2021-04-23T00:00:00Z,2021,Flood,"SEVERE, STORMS, FLOODING, LANDSLIDES, AND MUDSLIDES",1,0,1,1,2021-02-27T00:00:00Z,2021-03-14T00:00:00Z,NA,0,21,019,99019,Boyd (County),21025,2021-07-23T00:00:00Z,2023-05-22T03:41:22Z,8019842acadf034dc2371c83f1045f79bbdc2ceb,25e32e8b-08c4-420e-9a74-3d5e332cbb6e,2021
4595,1336,10038254.14,8551668.81,1486585.33,89102066.57,3652533.55,77920613.03,2023-11-02T00:00:00Z,2023-11-02T00:00:00Z,8211220.38,7293a7113f5ac4fc5b657925bf5baca629f10f3e,2023-11-02T05:42:36Z,6c857ac6-15e7-494e-abbf-228136e623f1,DR-4595-KY,KY,DR,2021-04-23T00:00:00Z,2021,Flood,"SEVERE, STORMS, FLOODING, LANDSLIDES, AND MUDSLIDES",1,0,1,1,2021-02-27T00:00:00Z,2021-03-14T00:00:00Z,NA,0,21,025,99025,Breathitt (County),21025,2021-07-23T00:00:00Z,2023-05-22T03:41:22Z,da09757d299f025388b3ebaa77bb1222e0e4523f,14d75e15-2ebf-4d39-bcf8-84b775ee5c6d,2021
4595,1336,10038254.14,8551668.81,1486585.33,89102066.57,3652533.55,77920613.03,2023-11-02T00:00:00Z,2023-11-02T00:00:00Z,8211220.38,7293a7113f5ac4fc5b657925bf5baca629f10f3e,2023-11-02T05:42:36Z,6c857ac6-15e7-494e-abbf-228136e623f1,DR-4595-KY,KY,DR,2021-04-23T00:00:00Z,2021,Flood,"SEVERE, STORMS, FLOODING, LANDSLIDES, AND MUDSLIDES",1,0,1,1,2021-02-27T00:00:00Z,2021-03-14T00:00:00Z,NA,0,21,049,99049,Clark (County),21025,2021-07-23T00:00:00Z,2023-05-22T03:41:22Z,83291d4bc31738f3516a2c9379921d60bddea5d9,265c9aa6-d697-42b1-bb2f-0c644d118209,2021
4595,1336,10038254.14,8551668.81,1486585.33,89102066.57,3652533.55,77920613.03,2023-11-02T00:00:00Z,2023-11-02T00:00:00Z,8211220.38,7293a7113f5ac4fc5b657925bf5baca629f10f3e,2023-11-02T05:42:36Z,6c857ac6-15e7-494e-abbf-228136e623f1,DR-4595-KY,KY,DR,2021-04-23T00:00:00Z,2021,Flood,"SEVERE, STORMS, FLOODING, LANDSLIDES, AND MUDSLIDES",1,0,1,1,2021-02-27T00:00:00Z,2021-03-14T00:00:00Z,NA,0,21,051,99051,Clay (County),21025,2021-07-23T00:00:00Z,2023-05-22T03:41:22Z,5417885d3284d95ed4197abe2004fd3135f0a228,09c9ce5a-8741-48d3-a2f5-c7bce271a63f,2021
4595,1336,10038254.14,8551668.81,1486585.33,89102066.57,3652533.55,77920613.03,2023-11-02T00:00:00Z,2023-11-02T00:00:00Z,8211220.38,7293a7113f5ac4fc5b657925bf5baca629f10f3e,2023-11-02T05:42:36Z,6c857ac6-15e7-494e-abbf-228136e623f1,DR-4595-KY,KY,DR,2021-04-23T00:00:00Z,2021,Flood,"SEVERE, STORMS, FLOODING, LANDSLIDES, AND MUDSLIDES",1,0,1,1,2021-02-27T00:00:00Z,2021-03-14T00:00:00Z,NA,0,21,065,99065,Estill (County),21025,2021-07-23T00:00:00Z,2023-05-22T03:41:22Z,8546685303e7e93c3fd1a1921fa7d8642962f8af,bfd14b3e-be4e-448f-93a3-3498fb6567c4,2021
4595,1336,10038254.14,8551668.81,1486585.33,89102066.57,3652533.55,77920613.03,2023-11-02T00:00:00Z,2023-11-02T00:00:00Z,8211220.38,7293a7113f5ac4fc5b657925bf5baca629f10f3e,2023-11-02T05:42:36Z,6c857ac6-15e7-494e-abbf-228136e623f1,DR-4595-KY,KY,DR,2021-04-23T00:00:00Z,2021,Flood,"SEVERE, STORMS, FLOODING, LANDSLIDES, AND MUDSLIDES",1,0,1,1,2021-02-27T00:00:00Z,2021-03-14T00:00:00Z,NA,0,21,071,99071,Floyd (County),21025,2021-07-23T00:00:00Z,2023-05-22T03:41:22Z,23759605945385e147da49f4de4948cea2001c55,23a4ac13-4cd4-4d3a-a701-96b3cfc994c7,2021
4595,1336,10038254.14,8551668.81,1486585.33,89102066.57,3652533.55,77920613.03,2023-11-02T00:00:00Z,2023-11-02T00:00:00Z,8211220.38,7293a7113f5ac4fc5b657925bf5baca629f10f3e,2023-11-02T05:42:36Z,6c857ac6-15e7-494e-abbf-228136e623f1,DR-4595-KY,KY,DR,2021-04-23T00:00:00Z,2021,Flood,"SEVERE, STORMS, FLOODING, LANDSLIDES, AND MUDSLIDES",1,0,1,1,2021-02-27T00:00:00Z,2021-03-14T00:00:00Z,NA,0,21,073,99073,Franklin (County),21025,2021-07-23T00:00:00Z,2023-05-22T03:41:22Z,6420e19eb9d3bff4966eb167b6f39757240c3674,ff0cb14c-5fbd-4fac-b453-eb6d780cfc7c,2021
4595,1336,10038254.14,8551668.81,1486585.33,89102066.57,3652533.55,77920613.03,2023-11-02T00:00:00Z,2023-11-02T00:00:00Z,8211220.38,7293a7113f5ac4fc5b657925bf5baca629f10f3e,2023-11-02T05:42:36Z,6c857ac6-15e7-494e-abbf-228136e623f1,DR-4595-KY,KY,DR,2021-04-23T00:00:00Z,2021,Flood,"SEVERE, STORMS, FLOODING, LANDSLIDES, AND MUDSLIDES",1,0,1,1,2021-02-27T00:00:00Z,2021-03-14T00:00:00Z,NA,0,21,089,99089,Greenup (County),21025,2021-07-23T00:00:00Z,2023-05-22T03:41:22Z,c1995ea4f6bc065fc1791a6e70a38b32db8bc1ae,971fb9e4-7d0f-48c2-a41d-3008dc54eb83,2021
4595,1336,10038254.14,8551668.81,1486585.33,89102066.57,3652533.55,77920613.03,2023-11-02T00:00:00Z,2023-11-02T00:00:00Z,8211220.38,7293a7113f5ac4fc5b657925bf5baca629f10f3e,2023-11-02T05:42:36Z,6c857ac6-15e7-494e-abbf-228136e623f1,DR-4595-KY,KY,DR,2021-04-23T00:00:00Z,2021,Flood,"SEVERE, STORMS, FLOODING, LANDSLIDES, AND MUDSLIDES",1,0,1,1,2021-02-27T00:00:00Z,2021-03-14T00:00:00Z,NA,0,21,109,99109,Jackson (County),21025,2021-07-23T00:00:00Z,2023-05-22T03:41:22Z,4b5236e6587ae0bd1867b7cd0f430321fc2a113e,0e344d91-3bcf-439f-a2b6-638565a50d43,2021
4595,1336,10038254.14,8551668.81,1486585.33,89102066.57,3652533.55,77920613.03,2023-11-02T00:00:00Z,2023-11-02T00:00:00Z,8211220.38,7293a7113f5ac4fc5b657925bf5baca629f10f3e,2023-11-02T05:42:36Z,6c857ac6-15e7-494e-abbf-228136e623f1,DR-4595-KY,KY,DR,2021-04-23T00:00:00Z,2021,Flood,"SEVERE, STORMS, FLOODING, LANDSLIDES, AND MUDSLIDES",1,0,1,1,2021-02-27T00:00:00Z,2021-03-14T00:00:00Z,NA,0,21,115,99115,Johnson (County),21025,2021-07-23T00:00:00Z,2023-05-22T03:41:22Z,54e24a994da24fa7580103725a4be0be1fad4712,254b0fb4-3471-46dd-9cd2-4bc7cd9e6e92,2021
4595,1336,10038254.14,8551668.81,1486585.33,89102066.57,3652533.55,77920613.03,2023-11-02T00:00:00Z,2023-11-02T00:00:00Z,8211220.38,7293a7113f5ac4fc5b657925bf5baca629f10f3e,2023-11-02T05:42:36Z,6c857ac6-15e7-494e-abbf-228136e623f1,DR-4595-KY,KY,DR,2021-04-23T00:00:00Z,2021,Flood,"SEVERE, STORMS, FLOODING, LANDSLIDES, AND MUDSLIDES",1,0,1,1,2021-02-27T00:00:00Z,2021-03-14T00:00:00Z,NA,0,21,119,99119,Knott (County),21025,2021-07-23T00:00:00Z,2023-05-22T03:41:22Z,0127beabdf949f3a5b20d3f42c90c63556089db4,91ef8193-3f80-44f2-98b0-75329bc635d3,2021
4595,1336,10038254.14,8551668.81,1486585.33,89102066.57,3652533.55,77920613.03,2023-11-02T00:00:00Z,2023-11-02T00:00:00Z,8211220.38,7293a7113f5ac4fc5b657925bf5baca629f10f3e,2023-11-02T05:42:36Z,6c857ac6-15e7-494e-abbf-228136e623f1,DR-4595-KY,KY,DR,2021-04-23T00:00:00Z,2021,Flood,"SEVERE, STORMS, FLOODING, LANDSLIDES, AND MUDSLIDES",1,0,1,1,2021-02-27T00:00:00Z,2021-03-14T00:00:00Z,NA,0,21,127,99127,Lawrence (County),21025,2021-07-23T00:00:00Z,2023-05-22T03:41:22Z,7fd2b962a1b43aebc8069944f8b6f4f1fd209207,afd47805-db9b-47b5-ab29-1735620238e4,2021
4595,1336,10038254.14,8551668.81,1486585.33,89102066.57,3652533.55,77920613.03,2023-11-02T00:00:00Z,2023-11-02T00:00:00Z,8211220.38,7293a7113f5ac4fc5b657925bf5baca629f10f3e,2023-11-02T05:42:36Z,6c857ac6-15e7-494e-abbf-228136e623f1,DR-4595-KY,KY,DR,2021-04-23T00:00:00Z,2021,Flood,"SEVERE, STORMS, FLOODING, LANDSLIDES, AND MUDSLIDES",1,0,1,1,2021-02-27T00:00:00Z,2021-03-14T00:00:00Z,NA,0,21,129,99129,Lee (County),21025,2021-07-23T00:00:00Z,2023-05-22T03:41:22Z,f705733f2968ee95d2952d5d57121c1a6d1e8c76,64b668c4-bc42-4b7d-967a-3b79e83200fa,2021
4595,1336,10038254.14,8551668.81,1486585.33,89102066.57,3652533.55,77920613.03,2023-11-02T00:00:00Z,2023-11-02T00:00:00Z,8211220.38,7293a7113f5ac4fc5b657925bf5baca629f10f3e,2023-11-02T05:42:36Z,6c857ac6-15e7-494e-abbf-228136e623f1,DR-4595-KY,KY,DR,2021-04-23T00:00:00Z,2021,Flood,"SEVERE, STORMS, FLOODING, LANDSLIDES, AND MUDSLIDES",1,0,1,1,2021-02-27T00:00:00Z,2021-03-14T00:00:00Z,NA,0,21,131,99131,Leslie (County),21025,2021-07-23T00:00:00Z,2023-05-22T03:41:22Z,c9a421d5f02f097c6d10c1dc8b6721394b653d6c,36585f01-f6d2-4eaa-aa4e-832ad1683553,2021
4595,1336,10038254.14,8551668.81,1486585.33,89102066.57,3652533.55,77920613.03,2023-11-02T00:00:00Z,2023-11-02T00:00:00Z,8211220.38,7293a7113f5ac4fc5b657925bf5baca629f10f3e,2023-11-02T05:42:36Z,6c857ac6-15e7-494e-abbf-228136e623f1,DR-4595-KY,KY,DR,2021-04-23T00:00:00Z,2021,Flood,"SEVERE, STORMS, FLOODING, LANDSLIDES, AND MUDSLIDES",1,0,1,1,2021-02-27T00:00:00Z,2021-03-14T00:00:00Z,NA,0,21,133,99133,Letcher (County),21025,2021-07-23T00:00:00Z,2023-05-22T03:41:22Z,9d730642d700b1a9d8d6124224ce17593ef28564,ca1b4776-a04e-491d-9ff6-04f41af9c883,2021
4595,1336,10038254.14,8551668.81,1486585.33,89102066.57,3652533.55,77920613.03,2023-11-02T00:00:00Z,2023-11-02T00:00:00Z,8211220.38,7293a7113f5ac4fc5b657925bf5baca629f10f3e,2023-11-02T05:42:36Z,6c857ac6-15e7-494e-abbf-228136e623f1,DR-4595-KY,KY,DR,2021-04-23T00:00:00Z,2021,Flood,"SEVERE, STORMS, FLOODING, LANDSLIDES, AND MUDSLIDES",1,0,1,1,2021-02-27T00:00:00Z,2021-03-14T00:00:00Z,NA,0,21,137,99137,Lincoln (County),21025,2021-07-23T00:00:00Z,2023-05-22T03:41:22Z,5cc13959421d3715cba1f6f6d4c74c38925c12cb,61ed2bb0-06fd-493b-8e7d-e4ef1c5c0f2c,2021
4595,1336,10038254.14,8551668.81,1486585.33,89102066.57,3652533.55,77920613.03,2023-11-02T00:00:00Z,2023-11-02T00:00:00Z,8211220.38,7293a7113f5ac4fc5b657925bf5baca629f10f3e,2023-11-02T05:42:36Z,6c857ac6-15e7-494e-abbf-228136e623f1,DR-4595-KY,KY,DR,2021-04-23T00:00:00Z,2021,Flood,"SEVERE, STORMS, FLOODING, LANDSLIDES, AND MUDSLIDES",1,0,1,1,2021-02-27T00:00:00Z,2021-03-14T00:00:00Z,NA,0,21,151,99151,Madison (County),21025,2021-07-23T00:00:00Z,2023-05-22T03:41:22Z,9f92999001127b345b5a073bf3e3488b667e5bbf,370f0d9d-8868-4df6-9b0e-6a7a4967b485,2021
4595,1336,10038254.14,8551668.81,1486585.33,89102066.57,3652533.55,77920613.03,2023-11-02T00:00:00Z,2023-11-02T00:00:00Z,8211220.38,7293a7113f5ac4fc5b657925bf5baca629f10f3e,2023-11-02T05:42:36Z,6c857ac6-15e7-494e-abbf-228136e623f1,DR-4595-KY,KY,DR,2021-04-23T00:00:00Z,2021,Flood,"SEVERE, STORMS, FLOODING, LANDSLIDES, AND MUDSLIDES",1,0,1,1,2021-02-27T00:00:00Z,2021-03-14T00:00:00Z,NA,0,21,153,99153,Magoffin (County),21025,2021-07-23T00:00:00Z,2023-05-22T03:41:22Z,f1b6f3bd3ec43739b7c3196cac07dd6aa6374193,1e338e99-d8e6-427f-8abd-16002a25d6c4,2021
4595,1336,10038254.14,8551668.81,1486585.33,89102066.57,3652533.55,77920613.03,2023-11-02T00:00:00Z,2023-11-02T00:00:00Z,8211220.38,7293a7113f5ac4fc5b657925bf5baca629f10f3e,2023-11-02T05:42:36Z,6c857ac6-15e7-494e-abbf-228136e623f1,DR-4595-KY,KY,DR,2021-04-23T00:00:00Z,2021,Flood,"SEVERE, STORMS, FLOODING, LANDSLIDES, AND MUDSLIDES",1,0,1,1,2021-02-27T00:00:00Z,2021-03-14T00:00:00Z,NA,0,21,159,99159,Martin (County),21025,2021-07-23T00:00:00Z,2023-05-22T03:41:22Z,b6b9a3f87e31bbebc828bb4972da3c4d0e7508d2,cef7b488-4875-4be2-aa8c-50521b4ee1ea,2021
4595,1336,10038254.14,8551668.81,1486585.33,89102066.57,3652533.55,77920613.03,2023-11-02T00:00:00Z,2023-11-02T00:00:00Z,8211220.38,7293a7113f5ac4fc5b657925bf5baca629f10f3e,2023-11-02T05:42:36Z,6c857ac6-15e7-494e-abbf-228136e623f1,DR-4595-KY,KY,DR,2021-04-23T00:00:00Z,2021,Flood,"SEVERE, STORMS, FLOODING, LANDSLIDES, AND MUDSLIDES",1,0,1,1,2021-02-27T00:00:00Z,2021-03-14T00:00:00Z,NA,0,21,175,99175,Morgan (County),21025,2021-07-23T00:00:00Z,2023-05-22T03:41:22Z,d3f6c4a0289edd42e263ad2d7ce2addbe4610a59,61fad8a6-3488-4bba-a79a-05fffa4884e3,2021
4595,1336,10038254.14,8551668.81,1486585.33,89102066.57,3652533.55,77920613.03,2023-11-02T00:00:00Z,2023-11-02T00:00:00Z,8211220.38,7293a7113f5ac4fc5b657925bf5baca629f10f3e,2023-11-02T05:42:36Z,6c857ac6-15e7-494e-abbf-228136e623f1,DR-4595-KY,KY,DR,2021-04-23T00:00:00Z,2021,Flood,"SEVERE, STORMS, FLOODING, LANDSLIDES, AND MUDSLIDES",1,0,1,1,2021-02-27T00:00:00Z,2021-03-14T00:00:00Z,NA,0,21,189,99189,Owsley (County),21025,2021-07-23T00:00:00Z,2023-05-22T03:41:22Z,42a27f4733238d8e47d8b2b7b3753372d7f7391f,e59c37d4-a248-4716-95ea-8c9fa4d41da6,2021
4595,1336,10038254.14,8551668.81,1486585.33,89102066.57,3652533.55,77920613.03,2023-11-02T00:00:00Z,2023-11-02T00:00:00Z,8211220.38,7293a7113f5ac4fc5b657925bf5baca629f10f3e,2023-11-02T05:42:36Z,6c857ac6-15e7-494e-abbf-228136e623f1,DR-4595-KY,KY,DR,2021-04-23T00:00:00Z,2021,Flood,"SEVERE, STORMS, FLOODING, LANDSLIDES, AND MUDSLIDES",1,0,1,1,2021-02-27T00:00:00Z,2021-03-14T00:00:00Z,NA,0,21,193,99193,Perry (County),21025,2021-07-23T00:00:00Z,2023-05-22T03:41:22Z,52070b63acc39dde3dc2e733eec00eba09f6d025,df28104c-9080-4136-9986-88516be85c1f,2021
4595,1336,10038254.14,8551668.81,1486585.33,89102066.57,3652533.55,77920613.03,2023-11-02T00:00:00Z,2023-11-02T00:00:00Z,8211220.38,7293a7113f5ac4fc5b657925bf5baca629f10f3e,2023-11-02T05:42:36Z,6c857ac6-15e7-494e-abbf-228136e623f1,DR-4595-KY,KY,DR,2021-04-23T00:00:00Z,2021,Flood,"SEVERE, STORMS, FLOODING, LANDSLIDES, AND MUDSLIDES",1,0,1,1,2021-02-27T00:00:00Z,2021-03-14T00:00:00Z,NA,0,21,197,99197,Powell (County),21025,2021-07-23T00:00:00Z,2023-05-22T03:41:22Z,c2eed8fd82de10f120bcf070436053fe0da6af9a,df8ebf44-6113-485c-96cb-02bc10b1c3a8,2021
4595,1336,10038254.14,8551668.81,1486585.33,89102066.57,3652533.55,77920613.03,2023-11-02T00:00:00Z,2023-11-02T00:00:00Z,8211220.38,7293a7113f5ac4fc5b657925bf5baca629f10f3e,2023-11-02T05:42:36Z,6c857ac6-15e7-494e-abbf-228136e623f1,DR-4595-KY,KY,DR,2021-04-23T00:00:00Z,2021,Flood,"SEVERE, STORMS, FLOODING, LANDSLIDES, AND MUDSLIDES",1,0,1,1,2021-02-27T00:00:00Z,2021-03-14T00:00:00Z,NA,0,21,199,99199,Pulaski (County),21025,2021-07-23T00:00:00Z,2023-05-22T03:41:22Z,4305b5225637715867c50624f99a0566d9d2f131,7d13b9fb-1be1-4241-ad4d-236134a5e297,2021
4595,1336,10038254.14,8551668.81,1486585.33,89102066.57,3652533.55,77920613.03,2023-11-02T00:00:00Z,2023-11-02T00:00:00Z,8211220.38,7293a7113f5ac4fc5b657925bf5baca629f10f3e,2023-11-02T05:42:36Z,6c857ac6-15e7-494e-abbf-228136e623f1,DR-4595-KY,KY,DR,2021-04-23T00:00:00Z,2021,Flood,"SEVERE, STORMS, FLOODING, LANDSLIDES, AND MUDSLIDES",1,0,1,1,2021-02-27T00:00:00Z,2021-03-14T00:00:00Z,NA,0,21,203,99203,Rockcastle (County),21025,2021-07-23T00:00:00Z,2023-05-22T03:41:22Z,002912628825ede68ad0bcc9201cda444c6704cf,1d07c277-6e5c-4791-88ca-39fa34d6e9a7,2021
4604,NA,NA,NA,NA,5965730.75,282762.46,5362177.9,2023-11-02T00:00:00Z,NA,0,741fbcae50897c492b94bdb02ce539aa681a20f7,2023-11-02T04:02:44Z,33290a60-bf70-4800-94b2-c939ee4cf417,DR-4604-HI,HI,DR,2021-05-13T00:00:00Z,2021,Flood,"SEVERE STORMS, FLOODING, AND LANDSLIDES",0,0,1,1,2021-03-08T00:00:00Z,2021-03-18T00:00:00Z,NA,0,15,009,99009,Maui (County),21034,NA,2023-05-22T03:41:22Z,4f34fdcb935abfafe81b3b5449c79fdc73f67257,8d2c506c-13ef-4fc7-8a77-c9b3e7e9c954,2021
4605,262,2550083.38,2397106.42,152976.96,5922524.94,286734.31,5155049.94,2023-11-02T00:00:00Z,2023-11-02T00:00:00Z,807681.6,9b6c48b6e4205cab129f83f43a9c9501719eec0f,2023-11-02T05:42:36Z,0134c078-e149-44ab-85e3-982c34b4eaa6,DR-4605-WV,WV,DR,2021-05-20T00:00:00Z,2021,Flood,SEVERE STORMS AND FLOODING,0,0,1,1,2021-02-27T00:00:00Z,2021-03-04T00:00:00Z,NA,0,54,005,99005,Boone (County),21037,2021-07-19T00:00:00Z,2023-05-22T03:41:22Z,1b03d2f072ab789077da8a0cb6a5c3a564b26f8a,1161b08b-3dfb-4457-af4a-32a12d6a4a9b,2021
4605,262,2550083.38,2397106.42,152976.96,5922524.94,286734.31,5155049.94,2023-11-02T00:00:00Z,2023-11-02T00:00:00Z,807681.6,9b6c48b6e4205cab129f83f43a9c9501719eec0f,2023-11-02T05:42:36Z,0134c078-e149-44ab-85e3-982c34b4eaa6,DR-4605-WV,WV,DR,2021-05-20T00:00:00Z,2021,Flood,SEVERE STORMS AND FLOODING,0,0,1,1,2021-02-27T00:00:00Z,2021-03-04T00:00:00Z,NA,0,54,043,99043,Lincoln (County),21037,2021-07-19T00:00:00Z,2023-05-22T03:41:22Z,c1c489a9df03a26ff5438a154d34c18bcf79d61b,be88c6c1-1245-4fe5-aa36-01a8be204082,2021
4605,262,2550083.38,2397106.42,152976.96,5922524.94,286734.31,5155049.94,2023-11-02T00:00:00Z,2023-11-02T00:00:00Z,807681.6,9b6c48b6e4205cab129f83f43a9c9501719eec0f,2023-11-02T05:42:36Z,0134c078-e149-44ab-85e3-982c34b4eaa6,DR-4605-WV,WV,DR,2021-05-20T00:00:00Z,2021,Flood,SEVERE STORMS AND FLOODING,0,0,1,1,2021-02-27T00:00:00Z,2021-03-04T00:00:00Z,NA,0,54,045,99045,Logan (County),21037,2021-07-19T00:00:00Z,2023-05-22T03:41:22Z,ac535797f232b649e445a582e19521d041f621b3,57baa80d-da43-4335-9791-fe260fc93e8a,2021
4605,262,2550083.38,2397106.42,152976.96,5922524.94,286734.31,5155049.94,2023-11-02T00:00:00Z,2023-11-02T00:00:00Z,807681.6,9b6c48b6e4205cab129f83f43a9c9501719eec0f,2023-11-02T05:42:36Z,0134c078-e149-44ab-85e3-982c34b4eaa6,DR-4605-WV,WV,DR,2021-05-20T00:00:00Z,2021,Flood,SEVERE STORMS AND FLOODING,1,0,0,1,2021-02-27T00:00:00Z,2021-03-04T00:00:00Z,NA,0,54,011,99011,Cabell (County),21037,2021-07-19T00:00:00Z,2023-05-22T03:41:22Z,a05b91fe53372ddb0ed95ca5393bcbee70cb0527,b7b41889-bab6-4f47-97ed-425bed4ebb7e,2021
4605,262,2550083.38,2397106.42,152976.96,5922524.94,286734.31,5155049.94,2023-11-02T00:00:00Z,2023-11-02T00:00:00Z,807681.6,9b6c48b6e4205cab129f83f43a9c9501719eec0f,2023-11-02T05:42:36Z,0134c078-e149-44ab-85e3-982c34b4eaa6,DR-4605-WV,WV,DR,2021-05-20T00:00:00Z,2021,Flood,SEVERE STORMS AND FLOODING,1,0,1,1,2021-02-27T00:00:00Z,2021-03-04T00:00:00Z,NA,0,54,039,99039,Kanawha (County),21037,2021-07-19T00:00:00Z,2023-05-22T03:41:22Z,2364dc184560a3d0bcbab0c4c47f53eb8a4fc0af,84b67bb6-aa48-4087-89cf-a87db1034b17,2021
4605,262,2550083.38,2397106.42,152976.96,5922524.94,286734.31,5155049.94,2023-11-02T00:00:00Z,2023-11-02T00:00:00Z,807681.6,9b6c48b6e4205cab129f83f43a9c9501719eec0f,2023-11-02T05:42:36Z,0134c078-e149-44ab-85e3-982c34b4eaa6,DR-4605-WV,WV,DR,2021-05-20T00:00:00Z,2021,Flood,SEVERE STORMS AND FLOODING,1,0,1,1,2021-02-27T00:00:00Z,2021-03-04T00:00:00Z,NA,0,54,059,99059,Mingo (County),21037,2021-07-19T00:00:00Z,2023-05-22T03:41:22Z,f128cc23241b61660914567a279147f91defdc04,22573820-5728-4555-8f47-5b10b3b7d23a,2021
4605,262,2550083.38,2397106.42,152976.96,5922524.94,286734.31,5155049.94,2023-11-02T00:00:00Z,2023-11-02T00:00:00Z,807681.6,9b6c48b6e4205cab129f83f43a9c9501719eec0f,2023-11-02T05:42:36Z,0134c078-e149-44ab-85e3-982c34b4eaa6,DR-4605-WV,WV,DR,2021-05-20T00:00:00Z,2021,Flood,SEVERE STORMS AND FLOODING,1,0,1,1,2021-02-27T00:00:00Z,2021-03-04T00:00:00Z,NA,0,54,099,99099,Wayne (County),21037,2021-07-19T00:00:00Z,2023-05-22T03:41:22Z,393010c254f47bb98e18aa1075275bf1b31b322c,4f135c03-c4cb-4ab0-9a73-894e6687dcf1,2021
4606,2501,14032804.41,11176256.29,2856548.12,11392572.85,8087971.86,2861887.57,2023-11-02T00:00:00Z,2023-11-02T00:00:00Z,345077.5,9184050b35c4cee9633cd80f38de765b6b8e7780,2023-11-02T05:42:36Z,d74527d2-64f7-4b6f-bce9-7dc8f769d04f,DR-4606-LA,LA,DR,2021-06-02T00:00:00Z,2021,Flood,"SEVERE STORMS, TORNADOES, AND FLOODING",0,0,1,1,2021-05-17T00:00:00Z,2021-05-21T00:00:00Z,NA,0,22,007,99007,Assumption (Parish),21039,2021-08-02T00:00:00Z,2023-05-22T03:41:22Z,f3d171f6f950e6a5c9eebf384aff047a9f86210b,7d2823c8-b4ec-40ba-9aa3-1c42d8c3240d,2021
4606,2501,14032804.41,11176256.29,2856548.12,11392572.85,8087971.86,2861887.57,2023-11-02T00:00:00Z,2023-11-02T00:00:00Z,345077.5,9184050b35c4cee9633cd80f38de765b6b8e7780,2023-11-02T05:42:36Z,d74527d2-64f7-4b6f-bce9-7dc8f769d04f,DR-4606-LA,LA,DR,2021-06-02T00:00:00Z,2021,Flood,"SEVERE STORMS, TORNADOES, AND FLOODING",0,0,1,1,2021-05-17T00:00:00Z,2021-05-21T00:00:00Z,NA,0,22,057,99057,Lafourche (Parish),21039,2021-08-02T00:00:00Z,2023-05-22T03:41:22Z,3b86e284b26e2a5fb2f3b44641c9276ae1ebbd53,4f6658f4-83c2-43d3-8d24-1a80bd40b6cd,2021
4606,2501,14032804.41,11176256.29,2856548.12,11392572.85,8087971.86,2861887.57,2023-11-02T00:00:00Z,2023-11-02T00:00:00Z,345077.5,9184050b35c4cee9633cd80f38de765b6b8e7780,2023-11-02T05:42:36Z,d74527d2-64f7-4b6f-bce9-7dc8f769d04f,DR-4606-LA,LA,DR,2021-06-02T00:00:00Z,2021,Flood,"SEVERE STORMS, TORNADOES, AND FLOODING",1,0,0,1,2021-05-17T00:00:00Z,2021-05-21T00:00:00Z,NA,0,22,055,99055,Lafayette (Parish),21039,2021-08-02T00:00:00Z,2023-05-22T03:41:22Z,cdac46f09f9a68d0e4a5e5814d9c451c349c9892,cb2a1837-75cc-480e-af1d-df14db4882ca,2021
4606,2501,14032804.41,11176256.29,2856548.12,11392572.85,8087971.86,2861887.57,2023-11-02T00:00:00Z,2023-11-02T00:00:00Z,345077.5,9184050b35c4cee9633cd80f38de765b6b8e7780,2023-11-02T05:42:36Z,d74527d2-64f7-4b6f-bce9-7dc8f769d04f,DR-4606-LA,LA,DR,2021-06-02T00:00:00Z,2021,Flood,"SEVERE STORMS, TORNADOES, AND FLOODING",1,0,1,1,2021-05-17T00:00:00Z,2021-05-21T00:00:00Z,NA,0,22,005,99005,Ascension (Parish),21039,2021-08-02T00:00:00Z,2023-05-22T03:41:22Z,4733c23c71ba49a16c755d9de0bd27a753bad41b,1dec8e8f-f8ef-46b4-bdc3-ba8aad8f0d1d,2021
4606,2501,14032804.41,11176256.29,2856548.12,11392572.85,8087971.86,2861887.57,2023-11-02T00:00:00Z,2023-11-02T00:00:00Z,345077.5,9184050b35c4cee9633cd80f38de765b6b8e7780,2023-11-02T05:42:36Z,d74527d2-64f7-4b6f-bce9-7dc8f769d04f,DR-4606-LA,LA,DR,2021-06-02T00:00:00Z,2021,Flood,"SEVERE STORMS, TORNADOES, AND FLOODING",1,0,1,1,2021-05-17T00:00:00Z,2021-05-21T00:00:00Z,NA,0,22,019,99019,Calcasieu (Parish),21039,2021-08-02T00:00:00Z,2023-05-22T03:41:22Z,13f82024464e642b27165af40a9610e2f41c04dd,d38759a3-50e3-4fcd-82df-56bdc6ce8f94,2021
4606,2501,14032804.41,11176256.29,2856548.12,11392572.85,8087971.86,2861887.57,2023-11-02T00:00:00Z,2023-11-02T00:00:00Z,345077.5,9184050b35c4cee9633cd80f38de765b6b8e7780,2023-11-02T05:42:36Z,d74527d2-64f7-4b6f-bce9-7dc8f769d04f,DR-4606-LA,LA,DR,2021-06-02T00:00:00Z,2021,Flood,"SEVERE STORMS, TORNADOES, AND FLOODING",1,0,1,1,2021-05-17T00:00:00Z,2021-05-21T00:00:00Z,NA,0,22,033,99033,East Baton Rouge (Parish),21039,2021-08-02T00:00:00Z,2023-05-22T03:41:22Z,8a480c5cada80b60ae8b90928d4c27bc2cc712ec,63c55cef-2207-4860-bb9c-d838cefcd2c4,2021
4606,2501,14032804.41,11176256.29,2856548.12,11392572.85,8087971.86,2861887.57,2023-11-02T00:00:00Z,2023-11-02T00:00:00Z,345077.5,9184050b35c4cee9633cd80f38de765b6b8e7780,2023-11-02T05:42:36Z,d74527d2-64f7-4b6f-bce9-7dc8f769d04f,DR-4606-LA,LA,DR,2021-06-02T00:00:00Z,2021,Flood,"SEVERE STORMS, TORNADOES, AND FLOODING",1,0,1,1,2021-05-17T00:00:00Z,2021-05-21T00:00:00Z,NA,0,22,047,99047,Iberville (Parish),21039,2021-08-02T00:00:00Z,2023-05-22T03:41:22Z,4990620aec55b36c0e988953eaa2a2d83bd15861,d4f23401-a890-44f5-9a33-3c1eda983292,2021
4609,955,8138893.57,6301770.25,1837123.32,36686874.01,16216302.68,19702654.39,2023-11-02T00:00:00Z,2023-11-02T00:00:00Z,450000,62ebe59c70c13efa8324549be1be427f66f07778,2023-11-02T05:42:36Z,b7f8bad3-7443-4150-8623-741bce61c236,DR-4609-TN,TN,DR,2021-08-23T00:00:00Z,2021,Flood,SEVERE STORM AND FLOODING,1,0,1,1,2021-08-21T00:00:00Z,2021-08-21T00:00:00Z,NA,0,47,043,99043,Dickson (County),21086,2021-10-25T00:00:00Z,2023-05-22T03:41:22Z,111995905c15c7b9da53f5dbfd945c723e4035d5,8663e7cf-53ce-4c15-b329-697c53624e51,2021
4609,955,8138893.57,6301770.25,1837123.32,36686874.01,16216302.68,19702654.39,2023-11-02T00:00:00Z,2023-11-02T00:00:00Z,450000,62ebe59c70c13efa8324549be1be427f66f07778,2023-11-02T05:42:36Z,b7f8bad3-7443-4150-8623-741bce61c236,DR-4609-TN,TN,DR,2021-08-23T00:00:00Z,2021,Flood,SEVERE STORM AND FLOODING,1,0,1,1,2021-08-21T00:00:00Z,2021-08-21T00:00:00Z,NA,0,47,081,99081,Hickman (County),21086,2021-10-25T00:00:00Z,2023-05-22T03:41:22Z,5154ae6d1f99b655c949a1d7f9047613eae5d0db,66168ab3-c9dc-4d68-a87f-5f08d60a3a33,2021
4609,955,8138893.57,6301770.25,1837123.32,36686874.01,16216302.68,19702654.39,2023-11-02T00:00:00Z,2023-11-02T00:00:00Z,450000,62ebe59c70c13efa8324549be1be427f66f07778,2023-11-02T05:42:36Z,b7f8bad3-7443-4150-8623-741bce61c236,DR-4609-TN,TN,DR,2021-08-23T00:00:00Z,2021,Flood,SEVERE STORM AND FLOODING,1,0,1,1,2021-08-21T00:00:00Z,2021-08-21T00:00:00Z,NA,0,47,083,99083,Houston (County),21086,2021-10-25T00:00:00Z,2023-05-22T03:41:22Z,ddd0737eae73002b0d95edbd602f0153337ef04d,a318a3e6-6980-4aa7-8bd0-5c632189b67d,2021
4609,955,8138893.57,6301770.25,1837123.32,36686874.01,16216302.68,19702654.39,2023-11-02T00:00:00Z,2023-11-02T00:00:00Z,450000,62ebe59c70c13efa8324549be1be427f66f07778,2023-11-02T05:42:36Z,b7f8bad3-7443-4150-8623-741bce61c236,DR-4609-TN,TN,DR,2021-08-23T00:00:00Z,2021,Flood,SEVERE STORM AND FLOODING,1,0,1,1,2021-08-21T00:00:00Z,2021-08-21T00:00:00Z,NA,0,47,085,99085,Humphreys (County),21086,2021-10-25T00:00:00Z,2023-05-22T03:41:22Z,32fde9069acb449fc4a33a10ebb6c1510a3ee1e3,092fb147-59a1-4571-9866-3501f2c35440,2021
4620,NA,NA,NA,NA,5330186.14,117036.4,5021940.71,2023-11-02T00:00:00Z,NA,0,799c4ed1eb5efb5dbc6a5d32ca1246342a167a91,2023-11-02T04:02:44Z,732e5132-1e3c-46a5-8da6-a87b8445e767,DR-4620-AZ,AZ,DR,2021-09-13T00:00:00Z,2021,Flood,SEVERE STORMS AND FLOODING,0,0,1,1,2021-07-22T00:00:00Z,2021-07-24T00:00:00Z,NA,0,04,001,99001,Apache (County),21096,NA,2023-05-22T03:41:22Z,109df24ed94bdba751a33cae7be7983383aa0f90,9bba7933-d307-4593-9aef-40e40ef02bb6,2021
4620,NA,NA,NA,NA,5330186.14,117036.4,5021940.71,2023-11-02T00:00:00Z,NA,0,799c4ed1eb5efb5dbc6a5d32ca1246342a167a91,2023-11-02T04:02:44Z,732e5132-1e3c-46a5-8da6-a87b8445e767,DR-4620-AZ,AZ,DR,2021-09-13T00:00:00Z,2021,Flood,SEVERE STORMS AND FLOODING,0,0,1,1,2021-07-22T00:00:00Z,2021-07-24T00:00:00Z,NA,0,04,005,99005,Coconino (County),21096,NA,2023-05-22T03:41:22Z,523fa4802eed2db1791871b9cc88bcb3830a179e,a38cfa29-fd47-4341-932c-09b85a2d9b3c,2021
4620,NA,NA,NA,NA,5330186.14,117036.4,5021940.71,2023-11-02T00:00:00Z,NA,0,799c4ed1eb5efb5dbc6a5d32ca1246342a167a91,2023-11-02T04:02:44Z,732e5132-1e3c-46a5-8da6-a87b8445e767,DR-4620-AZ,AZ,DR,2021-09-13T00:00:00Z,2021,Flood,SEVERE STORMS AND FLOODING,0,0,1,1,2021-07-22T00:00:00Z,2021-07-24T00:00:00Z,NA,0,04,017,99017,Navajo (County),21096,NA,2023-05-22T03:41:22Z,ba2cc53a831a2889a5cc1a6ec4b98c73e75c6dbd,530e9296-758d-4655-a194-3ff302b53697,2021
4621,NA,NA,NA,NA,7017656.86,219635.84,6250265.78,2023-11-02T00:00:00Z,NA,276210,54997f005575a14725f20b6bbf156ed3d755a9cd,2023-11-02T04:02:44Z,0ae69739-ff7d-455f-a396-3257cb8c0e81,DR-4621-VT,VT,DR,2021-09-29T00:00:00Z,2021,Flood,SEVERE STORM AND FLOODING,0,0,1,1,2021-07-29T00:00:00Z,2021-07-30T00:00:00Z,NA,0,50,003,99003,Bennington (County),21103,NA,2023-05-22T03:41:22Z,0fa835432c30b0e1f72f73fd5e49d97980681a79,4a2dde3b-9597-4773-b92f-b08b0f015c5e,2021
4621,NA,NA,NA,NA,7017656.86,219635.84,6250265.78,2023-11-02T00:00:00Z,NA,276210,54997f005575a14725f20b6bbf156ed3d755a9cd,2023-11-02T04:02:44Z,0ae69739-ff7d-455f-a396-3257cb8c0e81,DR-4621-VT,VT,DR,2021-09-29T00:00:00Z,2021,Flood,SEVERE STORM AND FLOODING,0,0,1,1,2021-07-29T00:00:00Z,2021-07-30T00:00:00Z,NA,0,50,025,99025,Windham (County),21103,NA,2023-05-22T03:41:22Z,f78137fd8d121b0b04cc31bc6f3ddadaf85d4dba,0d08b9a0-1c07-4e83-b99b-820e5734667f,2021
4624,NA,NA,NA,NA,3530071.78,192732.48,3147051.09,2023-11-02T00:00:00Z,NA,12632.7,b873f064445dcc59895fb2cca81546705e15fba9,2023-11-02T04:02:44Z,99045a7d-a05e-4902-ae40-47faad55f969,DR-4624-NH,NH,DR,2021-10-04T00:00:00Z,2022,Flood,SEVERE STORM AND FLOODING,0,0,1,1,2021-07-29T00:00:00Z,2021-08-02T00:00:00Z,NA,0,33,005,99005,Cheshire (County),21104,NA,2023-05-22T03:41:22Z,9b1fe7e266f0068f026da36067e1eac5ce7cddf2,d7c8d75b-bec5-41dd-9c8a-a47f4b394bf5,2021
4624,NA,NA,NA,NA,3530071.78,192732.48,3147051.09,2023-11-02T00:00:00Z,NA,12632.7,b873f064445dcc59895fb2cca81546705e15fba9,2023-11-02T04:02:44Z,99045a7d-a05e-4902-ae40-47faad55f969,DR-4624-NH,NH,DR,2021-10-04T00:00:00Z,2022,Flood,SEVERE STORM AND FLOODING,0,0,1,1,2021-07-29T00:00:00Z,2021-08-02T00:00:00Z,NA,0,33,019,99019,Sullivan (County),21104,NA,2023-05-22T03:41:22Z,8d31395b8dc8b7baf75850de862dd93dd7b19cf5,787a1b78-fd99-4bce-9146-fc0cca465866,2021
4628,NA,NA,NA,NA,2584793.19,876282.16,653088.94,2023-11-02T00:00:00Z,NA,25304.39,5f2f65ef7f3ebf08f0a7c0e3a1ac25d4a849317b,2023-11-02T04:02:44Z,8f152360-e43b-4ee4-9dcb-cd35c2a8f4ce,DR-4628-VA,VA,DR,2021-10-26T00:00:00Z,2022,Flood,"FLOODING, LANDSLIDES, AND MUDSLIDES",0,0,1,1,2021-08-30T00:00:00Z,2021-08-31T00:00:00Z,NA,0,51,027,99027,Buchanan (County),21111,NA,2023-05-22T03:41:22Z,ef7166072252d326067d64d2e93f0d22b66b6771,f69aae5d-7300-4f75-9524-51ce97cf00b7,2021
4650,NA,NA,NA,NA,9341134.02,2413308,5950439.44,2023-11-02T00:00:00Z,NA,314582.75,9b0f286ef31b1d73d2d12e026420d8bdee771fe6,2023-11-02T04:02:44Z,a94f613d-681c-46cc-bf41-be59b23addc0,DR-4650-WA,WA,DR,2022-03-29T00:00:00Z,2022,Flood,"SEVERE WINTER STORMS, SNOWSTORMS, STRAIGHT-LINE WINDS, FLOODIN",0,0,1,1,2021-12-26T00:00:00Z,2022-01-15T00:00:00Z,NA,0,53,000,11510,Chehalis Indian Reservation,22020,NA,2023-05-22T03:41:22Z,dd4061a4fc9769dbdf190afc2b1888afde0c8fae,7860354e-9257-4cbd-be42-aa056f73c265,2021
4650,NA,NA,NA,NA,9341134.02,2413308,5950439.44,2023-11-02T00:00:00Z,NA,314582.75,9b0f286ef31b1d73d2d12e026420d8bdee771fe6,2023-11-02T04:02:44Z,a94f613d-681c-46cc-bf41-be59b23addc0,DR-4650-WA,WA,DR,2022-03-29T00:00:00Z,2022,Flood,"SEVERE WINTER STORMS, SNOWSTORMS, STRAIGHT-LINE WINDS, FLOODIN",0,0,1,1,2021-12-26T00:00:00Z,2022-01-15T00:00:00Z,NA,0,53,000,31565,Hoh Indian Reservation,22020,NA,2023-05-22T03:41:22Z,e4e9ebe271a9ba8e6e0055874ffbd66487801c1d,92a008d3-4745-4c76-a427-b82109ca4201,2021
4650,NA,NA,NA,NA,9341134.02,2413308,5950439.44,2023-11-02T00:00:00Z,NA,314582.75,9b0f286ef31b1d73d2d12e026420d8bdee771fe6,2023-11-02T04:02:44Z,a94f613d-681c-46cc-bf41-be59b23addc0,DR-4650-WA,WA,DR,2022-03-29T00:00:00Z,2022,Flood,"SEVERE WINTER STORMS, SNOWSTORMS, STRAIGHT-LINE WINDS, FLOODIN",0,0,1,1,2021-12-26T00:00:00Z,2022-01-15T00:00:00Z,NA,0,53,000,49205,Nisqually Indian Reservation,22020,NA,2023-05-22T03:41:22Z,2c33e678c0dd4990dbbe18abe94c5e047016fb7e,bf3c17fa-5235-42ab-99b7-649576d51ccd,2021
4650,NA,NA,NA,NA,9341134.02,2413308,5950439.44,2023-11-02T00:00:00Z,NA,314582.75,9b0f286ef31b1d73d2d12e026420d8bdee771fe6,2023-11-02T04:02:44Z,a94f613d-681c-46cc-bf41-be59b23addc0,DR-4650-WA,WA,DR,2022-03-29T00:00:00Z,2022,Flood,"SEVERE WINTER STORMS, SNOWSTORMS, STRAIGHT-LINE WINDS, FLOODIN",0,0,1,1,2021-12-26T00:00:00Z,2022-01-15T00:00:00Z,NA,0,53,000,57080,Quinault Indian Reservation,22020,NA,2023-05-22T03:41:22Z,7ed264ed8ade06f5d5de6ce2e24bdeb26d2bb38c,afa7e666-f1e2-475a-a988-8b2fcd0a524e,2021
4650,NA,NA,NA,NA,9341134.02,2413308,5950439.44,2023-11-02T00:00:00Z,NA,314582.75,9b0f286ef31b1d73d2d12e026420d8bdee771fe6,2023-11-02T04:02:44Z,a94f613d-681c-46cc-bf41-be59b23addc0,DR-4650-WA,WA,DR,2022-03-29T00:00:00Z,2022,Flood,"SEVERE WINTER STORMS, SNOWSTORMS, STRAIGHT-LINE WINDS, FLOODIN",0,0,1,1,2021-12-26T00:00:00Z,2022-01-15T00:00:00Z,NA,0,53,000,63910,Shoalwater Bay Reservation,22020,NA,2023-05-22T03:41:22Z,9df2e3ec158be262a8830ec7d9c00c3473ab009d,f21fa8b8-8ba3-4bfb-b2e5-354cdcf3c83d,2021
4650,NA,NA,NA,NA,9341134.02,2413308,5950439.44,2023-11-02T00:00:00Z,NA,314582.75,9b0f286ef31b1d73d2d12e026420d8bdee771fe6,2023-11-02T04:02:44Z,a94f613d-681c-46cc-bf41-be59b23addc0,DR-4650-WA,WA,DR,2022-03-29T00:00:00Z,2022,Flood,"SEVERE WINTER STORMS, SNOWSTORMS, STRAIGHT-LINE WINDS, FLOODIN",0,0,1,1,2021-12-26T00:00:00Z,2022-01-15T00:00:00Z,NA,0,53,000,64785,Skokomish Indian Reservation,22020,NA,2023-05-22T03:41:22Z,8d92ff1c46f7aa507afa81f836e960f8dc2ce573,b569bb2a-1f26-4cf3-8539-24337cce9e67,2021
4650,NA,NA,NA,NA,9341134.02,2413308,5950439.44,2023-11-02T00:00:00Z,NA,314582.75,9b0f286ef31b1d73d2d12e026420d8bdee771fe6,2023-11-02T04:02:44Z,a94f613d-681c-46cc-bf41-be59b23addc0,DR-4650-WA,WA,DR,2022-03-29T00:00:00Z,2022,Flood,"SEVERE WINTER STORMS, SNOWSTORMS, STRAIGHT-LINE WINDS, FLOODIN",0,0,1,1,2021-12-26T00:00:00Z,2022-01-15T00:00:00Z,NA,0,53,000,67350,Squaxin Island Indian Reservation,22020,NA,2023-05-22T03:41:22Z,9a9acf491309f7e23ab6a7f3b9504c60086c7f4a,b1e7c56a-bc4f-4107-bd0a-9de3b6650824,2021
4650,NA,NA,NA,NA,9341134.02,2413308,5950439.44,2023-11-02T00:00:00Z,NA,314582.75,9b0f286ef31b1d73d2d12e026420d8bdee771fe6,2023-11-02T04:02:44Z,a94f613d-681c-46cc-bf41-be59b23addc0,DR-4650-WA,WA,DR,2022-03-29T00:00:00Z,2022,Flood,"SEVERE WINTER STORMS, SNOWSTORMS, STRAIGHT-LINE WINDS, FLOODIN",0,0,1,1,2021-12-26T00:00:00Z,2022-01-15T00:00:00Z,NA,0,53,000,69310,Swinomish Indian Reservation,22020,NA,2023-05-22T03:41:22Z,7e4d2e9c1f07ab3073ad272986ddd99fe588b050,e72f6458-6078-4481-9add-b414db42e30c,2021
4650,NA,NA,NA,NA,9341134.02,2413308,5950439.44,2023-11-02T00:00:00Z,NA,314582.75,9b0f286ef31b1d73d2d12e026420d8bdee771fe6,2023-11-02T04:02:44Z,a94f613d-681c-46cc-bf41-be59b23addc0,DR-4650-WA,WA,DR,2022-03-29T00:00:00Z,2022,Flood,"SEVERE WINTER STORMS, SNOWSTORMS, STRAIGHT-LINE WINDS, FLOODIN",0,0,1,1,2021-12-26T00:00:00Z,2022-01-15T00:00:00Z,NA,0,53,000,73652,Upper Skagit Indian Reservation,22020,NA,2023-05-22T03:41:22Z,471e696b3ff1aeaafa0b80f072d689de1b59853b,88582e15-030d-4f06-9333-46f1b75afdb5,2021
4650,NA,NA,NA,NA,9341134.02,2413308,5950439.44,2023-11-02T00:00:00Z,NA,314582.75,9b0f286ef31b1d73d2d12e026420d8bdee771fe6,2023-11-02T04:02:44Z,a94f613d-681c-46cc-bf41-be59b23addc0,DR-4650-WA,WA,DR,2022-03-29T00:00:00Z,2022,Flood,"SEVERE WINTER STORMS, SNOWSTORMS, STRAIGHT-LINE WINDS, FLOODIN",0,0,1,1,2021-12-26T00:00:00Z,2022-01-15T00:00:00Z,NA,0,53,007,99007,Chelan (County),22020,NA,2023-05-22T03:41:22Z,b2884605369c8d3fc3290b1df76428b9c5347bfa,6adb19b3-85a6-4a66-ba7b-06ee56a90bbf,2021
4650,NA,NA,NA,NA,9341134.02,2413308,5950439.44,2023-11-02T00:00:00Z,NA,314582.75,9b0f286ef31b1d73d2d12e026420d8bdee771fe6,2023-11-02T04:02:44Z,a94f613d-681c-46cc-bf41-be59b23addc0,DR-4650-WA,WA,DR,2022-03-29T00:00:00Z,2022,Flood,"SEVERE WINTER STORMS, SNOWSTORMS, STRAIGHT-LINE WINDS, FLOODIN",0,0,1,1,2021-12-26T00:00:00Z,2022-01-15T00:00:00Z,NA,0,53,009,99009,Clallam (County),22020,NA,2023-05-22T03:41:22Z,75fd4e340079aadd3842bb06c6a50d414aaeeb66,3b31af7a-79de-4cb8-93c2-36027f651c68,2021
4650,NA,NA,NA,NA,9341134.02,2413308,5950439.44,2023-11-02T00:00:00Z,NA,314582.75,9b0f286ef31b1d73d2d12e026420d8bdee771fe6,2023-11-02T04:02:44Z,a94f613d-681c-46cc-bf41-be59b23addc0,DR-4650-WA,WA,DR,2022-03-29T00:00:00Z,2022,Flood,"SEVERE WINTER STORMS, SNOWSTORMS, STRAIGHT-LINE WINDS, FLOODIN",0,0,1,1,2021-12-26T00:00:00Z,2022-01-15T00:00:00Z,NA,0,53,015,99015,Cowlitz (County),22020,NA,2023-05-22T03:41:22Z,4d980774ad8e75cf897a544853b5963173f461d6,4e4f1ff4-432e-4856-bf38-a30a43a1610a,2021
4650,NA,NA,NA,NA,9341134.02,2413308,5950439.44,2023-11-02T00:00:00Z,NA,314582.75,9b0f286ef31b1d73d2d12e026420d8bdee771fe6,2023-11-02T04:02:44Z,a94f613d-681c-46cc-bf41-be59b23addc0,DR-4650-WA,WA,DR,2022-03-29T00:00:00Z,2022,Flood,"SEVERE WINTER STORMS, SNOWSTORMS, STRAIGHT-LINE WINDS, FLOODIN",0,0,1,1,2021-12-26T00:00:00Z,2022-01-15T00:00:00Z,NA,0,53,021,99021,Franklin (County),22020,NA,2023-05-22T03:41:22Z,3455ccc7334e25a4dfbfddcdf8367d8a31cbd1fa,155c803d-9b56-4c80-9594-44b7bcbcf35d,2021
4650,NA,NA,NA,NA,9341134.02,2413308,5950439.44,2023-11-02T00:00:00Z,NA,314582.75,9b0f286ef31b1d73d2d12e026420d8bdee771fe6,2023-11-02T04:02:44Z,a94f613d-681c-46cc-bf41-be59b23addc0,DR-4650-WA,WA,DR,2022-03-29T00:00:00Z,2022,Flood,"SEVERE WINTER STORMS, SNOWSTORMS, STRAIGHT-LINE WINDS, FLOODIN",0,0,1,1,2021-12-26T00:00:00Z,2022-01-15T00:00:00Z,NA,0,53,027,99027,Grays Harbor (County),22020,NA,2023-05-22T03:41:22Z,252ff54fc7c9347146131694cd70a6c3f7e1c1e1,476506ad-c1fa-4e87-aee0-1db15dd2224e,2021
4650,NA,NA,NA,NA,9341134.02,2413308,5950439.44,2023-11-02T00:00:00Z,NA,314582.75,9b0f286ef31b1d73d2d12e026420d8bdee771fe6,2023-11-02T04:02:44Z,a94f613d-681c-46cc-bf41-be59b23addc0,DR-4650-WA,WA,DR,2022-03-29T00:00:00Z,2022,Flood,"SEVERE WINTER STORMS, SNOWSTORMS, STRAIGHT-LINE WINDS, FLOODIN",0,0,1,1,2021-12-26T00:00:00Z,2022-01-15T00:00:00Z,NA,0,53,031,99031,Jefferson (County),22020,NA,2023-05-22T03:41:22Z,57a76b2f8b68e268cf995716640c1ce46d36cd4e,87d89a8e-c546-4ff5-b8bc-ed569c163eec,2021
4650,NA,NA,NA,NA,9341134.02,2413308,5950439.44,2023-11-02T00:00:00Z,NA,314582.75,9b0f286ef31b1d73d2d12e026420d8bdee771fe6,2023-11-02T04:02:44Z,a94f613d-681c-46cc-bf41-be59b23addc0,DR-4650-WA,WA,DR,2022-03-29T00:00:00Z,2022,Flood,"SEVERE WINTER STORMS, SNOWSTORMS, STRAIGHT-LINE WINDS, FLOODIN",0,0,1,1,2021-12-26T00:00:00Z,2022-01-15T00:00:00Z,NA,0,53,039,99039,Klickitat (County),22020,NA,2023-05-22T03:41:22Z,b1bac918b100b2be595aaccbaa995a6990a15b3a,8bd0e61a-e597-4ab2-b883-cbe151cdfe73,2021
4650,NA,NA,NA,NA,9341134.02,2413308,5950439.44,2023-11-02T00:00:00Z,NA,314582.75,9b0f286ef31b1d73d2d12e026420d8bdee771fe6,2023-11-02T04:02:44Z,a94f613d-681c-46cc-bf41-be59b23addc0,DR-4650-WA,WA,DR,2022-03-29T00:00:00Z,2022,Flood,"SEVERE WINTER STORMS, SNOWSTORMS, STRAIGHT-LINE WINDS, FLOODIN",0,0,1,1,2021-12-26T00:00:00Z,2022-01-15T00:00:00Z,NA,0,53,041,99041,Lewis (County),22020,NA,2023-05-22T03:41:22Z,243e1b609d42796982268411a462b717a7885cfd,e097e8c7-9da0-41a8-886b-4383511675f0,2021
4650,NA,NA,NA,NA,9341134.02,2413308,5950439.44,2023-11-02T00:00:00Z,NA,314582.75,9b0f286ef31b1d73d2d12e026420d8bdee771fe6,2023-11-02T04:02:44Z,a94f613d-681c-46cc-bf41-be59b23addc0,DR-4650-WA,WA,DR,2022-03-29T00:00:00Z,2022,Flood,"SEVERE WINTER STORMS, SNOWSTORMS, STRAIGHT-LINE WINDS, FLOODIN",0,0,1,1,2021-12-26T00:00:00Z,2022-01-15T00:00:00Z,NA,0,53,045,99045,Mason (County),22020,NA,2023-05-22T03:41:22Z,51e988c689197c1e4b748d539413cfaf3c25953e,f2017752-a42c-42ff-97db-cb480811321e,2021
4650,NA,NA,NA,NA,9341134.02,2413308,5950439.44,2023-11-02T00:00:00Z,NA,314582.75,9b0f286ef31b1d73d2d12e026420d8bdee771fe6,2023-11-02T04:02:44Z,a94f613d-681c-46cc-bf41-be59b23addc0,DR-4650-WA,WA,DR,2022-03-29T00:00:00Z,2022,Flood,"SEVERE WINTER STORMS, SNOWSTORMS, STRAIGHT-LINE WINDS, FLOODIN",0,0,1,1,2021-12-26T00:00:00Z,2022-01-15T00:00:00Z,NA,0,53,047,99047,Okanogan (County),22020,NA,2023-05-22T03:41:22Z,3395d6c22fbdf8a7cf5befcf73c22c7292c37963,bb427291-d62b-4b27-b40c-4788470d2519,2021
4650,NA,NA,NA,NA,9341134.02,2413308,5950439.44,2023-11-02T00:00:00Z,NA,314582.75,9b0f286ef31b1d73d2d12e026420d8bdee771fe6,2023-11-02T04:02:44Z,a94f613d-681c-46cc-bf41-be59b23addc0,DR-4650-WA,WA,DR,2022-03-29T00:00:00Z,2022,Flood,"SEVERE WINTER STORMS, SNOWSTORMS, STRAIGHT-LINE WINDS, FLOODIN",0,0,1,1,2021-12-26T00:00:00Z,2022-01-15T00:00:00Z,NA,0,53,049,99049,Pacific (County),22020,NA,2023-05-22T03:41:22Z,2f2e2badf0251bbc1a0de1752a08f78903869f37,89c89dcd-810b-4706-ad03-b0905c11447e,2021
4650,NA,NA,NA,NA,9341134.02,2413308,5950439.44,2023-11-02T00:00:00Z,NA,314582.75,9b0f286ef31b1d73d2d12e026420d8bdee771fe6,2023-11-02T04:02:44Z,a94f613d-681c-46cc-bf41-be59b23addc0,DR-4650-WA,WA,DR,2022-03-29T00:00:00Z,2022,Flood,"SEVERE WINTER STORMS, SNOWSTORMS, STRAIGHT-LINE WINDS, FLOODIN",0,0,1,1,2021-12-26T00:00:00Z,2022-01-15T00:00:00Z,NA,0,53,057,99057,Skagit (County),22020,NA,2023-05-22T03:41:22Z,95ccef45f7d799d62e3f2e143e4e95f3e0ac4a60,fb616185-ff33-4638-a4cf-c7289d8bb6b9,2021
4650,NA,NA,NA,NA,9341134.02,2413308,5950439.44,2023-11-02T00:00:00Z,NA,314582.75,9b0f286ef31b1d73d2d12e026420d8bdee771fe6,2023-11-02T04:02:44Z,a94f613d-681c-46cc-bf41-be59b23addc0,DR-4650-WA,WA,DR,2022-03-29T00:00:00Z,2022,Flood,"SEVERE WINTER STORMS, SNOWSTORMS, STRAIGHT-LINE WINDS, FLOODIN",0,0,1,1,2021-12-26T00:00:00Z,2022-01-15T00:00:00Z,NA,0,53,059,99059,Skamania (County),22020,NA,2023-05-22T03:41:22Z,3c34d7b059c2430d6a12b4579de4c951adcfe151,e26da1e0-d8f7-4ca6-b5ab-d7df6368dff5,2021
4650,NA,NA,NA,NA,9341134.02,2413308,5950439.44,2023-11-02T00:00:00Z,NA,314582.75,9b0f286ef31b1d73d2d12e026420d8bdee771fe6,2023-11-02T04:02:44Z,a94f613d-681c-46cc-bf41-be59b23addc0,DR-4650-WA,WA,DR,2022-03-29T00:00:00Z,2022,Flood,"SEVERE WINTER STORMS, SNOWSTORMS, STRAIGHT-LINE WINDS, FLOODIN",0,0,1,1,2021-12-26T00:00:00Z,2022-01-15T00:00:00Z,NA,0,53,067,99067,Thurston (County),22020,NA,2023-05-22T03:41:22Z,820d3333a8dc7895fbe877a935c9a9ee7e6f3e90,efb39a07-deca-4749-806c-71e2eb57a7bc,2021
4650,NA,NA,NA,NA,9341134.02,2413308,5950439.44,2023-11-02T00:00:00Z,NA,314582.75,9b0f286ef31b1d73d2d12e026420d8bdee771fe6,2023-11-02T04:02:44Z,a94f613d-681c-46cc-bf41-be59b23addc0,DR-4650-WA,WA,DR,2022-03-29T00:00:00Z,2022,Flood,"SEVERE WINTER STORMS, SNOWSTORMS, STRAIGHT-LINE WINDS, FLOODIN",0,0,1,1,2021-12-26T00:00:00Z,2022-01-15T00:00:00Z,NA,0,53,069,99069,Wahkiakum (County),22020,NA,2023-05-22T03:41:22Z,602e4d1ee20e4a0d1af3a23f92e86d3b8012a252,ec56c9f4-3e2c-4aba-b933-47c9c981f5c5,2021
4635,1119,7529754.72,6680204.6,849550.12,25956459.64,5611170.26,19278580.73,2023-11-02T00:00:00Z,2023-11-02T00:00:00Z,2158862,1de038d10e73f44127b2b4074d4b4b0618b37025,2023-11-02T05:42:36Z,fffc8aab-feef-417e-b60a-33adc9dae477,DR-4635-WA,WA,DR,2022-01-05T00:00:00Z,2022,Flood,"SEVERE STORMS, STRAIGHT-LINE WINDS, FLOODING, LANDSLIDES, AND MUDSLIDES",0,0,1,1,2021-11-05T00:00:00Z,2021-12-02T00:00:00Z,NA,0,53,000,31565,Hoh Indian Reservation,22002,2022-03-07T00:00:00Z,2023-05-22T03:41:22Z,d80907f870eda0369d37e800d8a281e520590cc2,7a5a7999-c6d2-4efd-a7dd-2250b211ed4f,2021
4635,1119,7529754.72,6680204.6,849550.12,25956459.64,5611170.26,19278580.73,2023-11-02T00:00:00Z,2023-11-02T00:00:00Z,2158862,1de038d10e73f44127b2b4074d4b4b0618b37025,2023-11-02T05:42:36Z,fffc8aab-feef-417e-b60a-33adc9dae477,DR-4635-WA,WA,DR,2022-01-05T00:00:00Z,2022,Flood,"SEVERE STORMS, STRAIGHT-LINE WINDS, FLOODING, LANDSLIDES, AND MUDSLIDES",0,0,1,1,2021-11-05T00:00:00Z,2021-12-02T00:00:00Z,NA,0,53,000,69310,Swinomish Indian Reservation,22002,2022-03-07T00:00:00Z,2023-05-22T03:41:22Z,252847ceabce57c7233dc15a287e516de3e89add,85cfde47-cd6d-421b-a04b-8f7548ea1920,2021
4635,1119,7529754.72,6680204.6,849550.12,25956459.64,5611170.26,19278580.73,2023-11-02T00:00:00Z,2023-11-02T00:00:00Z,2158862,1de038d10e73f44127b2b4074d4b4b0618b37025,2023-11-02T05:42:36Z,fffc8aab-feef-417e-b60a-33adc9dae477,DR-4635-WA,WA,DR,2022-01-05T00:00:00Z,2022,Flood,"SEVERE STORMS, STRAIGHT-LINE WINDS, FLOODING, LANDSLIDES, AND MUDSLIDES",0,0,1,1,2021-11-05T00:00:00Z,2021-12-02T00:00:00Z,NA,0,53,029,99029,Island (County),22002,2022-03-07T00:00:00Z,2023-05-22T03:41:22Z,6cb814ccab26921375c04cc69e7ff752d7d3f376,96c9d8a8-5d97-4f07-9bc8-cd8da59eef65,2021
4635,1119,7529754.72,6680204.6,849550.12,25956459.64,5611170.26,19278580.73,2023-11-02T00:00:00Z,2023-11-02T00:00:00Z,2158862,1de038d10e73f44127b2b4074d4b4b0618b37025,2023-11-02T05:42:36Z,fffc8aab-feef-417e-b60a-33adc9dae477,DR-4635-WA,WA,DR,2022-01-05T00:00:00Z,2022,Flood,"SEVERE STORMS, STRAIGHT-LINE WINDS, FLOODING, LANDSLIDES, AND MUDSLIDES",0,0,1,1,2021-11-05T00:00:00Z,2021-12-02T00:00:00Z,NA,0,53,031,99031,Jefferson (County),22002,2022-03-07T00:00:00Z,2023-05-22T03:41:22Z,6399578b9e06d81e311a4fefdf4eaa301ee1dffb,84f293f4-bee5-47ed-a10a-f160bd203757,2021
4635,1119,7529754.72,6680204.6,849550.12,25956459.64,5611170.26,19278580.73,2023-11-02T00:00:00Z,2023-11-02T00:00:00Z,2158862,1de038d10e73f44127b2b4074d4b4b0618b37025,2023-11-02T05:42:36Z,fffc8aab-feef-417e-b60a-33adc9dae477,DR-4635-WA,WA,DR,2022-01-05T00:00:00Z,2022,Flood,"SEVERE STORMS, STRAIGHT-LINE WINDS, FLOODING, LANDSLIDES, AND MUDSLIDES",0,0,1,1,2021-11-05T00:00:00Z,2021-12-02T00:00:00Z,NA,0,53,041,99041,Lewis (County),22002,2022-03-07T00:00:00Z,2023-05-22T03:41:22Z,4d5a1d86337579d839ec95c1a222f5beadc9663b,f99a5d85-0dd6-4fac-bfea-5f0cd137db7f,2021
4635,1119,7529754.72,6680204.6,849550.12,25956459.64,5611170.26,19278580.73,2023-11-02T00:00:00Z,2023-11-02T00:00:00Z,2158862,1de038d10e73f44127b2b4074d4b4b0618b37025,2023-11-02T05:42:36Z,fffc8aab-feef-417e-b60a-33adc9dae477,DR-4635-WA,WA,DR,2022-01-05T00:00:00Z,2022,Flood,"SEVERE STORMS, STRAIGHT-LINE WINDS, FLOODING, LANDSLIDES, AND MUDSLIDES",0,0,1,1,2021-11-05T00:00:00Z,2021-12-02T00:00:00Z,NA,0,53,055,99055,San Juan (County),22002,2022-03-07T00:00:00Z,2023-05-22T03:41:22Z,39dc99a00b1f6fb666a94958747931420f8d4a34,440a7d89-1046-4242-9ee8-d562a4777cfc,2021
4635,1119,7529754.72,6680204.6,849550.12,25956459.64,5611170.26,19278580.73,2023-11-02T00:00:00Z,2023-11-02T00:00:00Z,2158862,1de038d10e73f44127b2b4074d4b4b0618b37025,2023-11-02T05:42:36Z,fffc8aab-feef-417e-b60a-33adc9dae477,DR-4635-WA,WA,DR,2022-01-05T00:00:00Z,2022,Flood,"SEVERE STORMS, STRAIGHT-LINE WINDS, FLOODING, LANDSLIDES, AND MUDSLIDES",1,0,1,1,2021-11-05T00:00:00Z,2021-12-02T00:00:00Z,NA,0,53,000,40665,Lummi Indian Reservation,22002,2022-03-07T00:00:00Z,2023-05-22T03:41:22Z,6333d581771cfe917aaf04958a8053096cf562e5,45b4fafe-c29d-4eac-99dc-f2d2ef1560cf,2021
4635,1119,7529754.72,6680204.6,849550.12,25956459.64,5611170.26,19278580.73,2023-11-02T00:00:00Z,2023-11-02T00:00:00Z,2158862,1de038d10e73f44127b2b4074d4b4b0618b37025,2023-11-02T05:42:36Z,fffc8aab-feef-417e-b60a-33adc9dae477,DR-4635-WA,WA,DR,2022-01-05T00:00:00Z,2022,Flood,"SEVERE STORMS, STRAIGHT-LINE WINDS, FLOODING, LANDSLIDES, AND MUDSLIDES",1,0,1,1,2021-11-05T00:00:00Z,2021-12-02T00:00:00Z,NA,0,53,000,49285,Nooksack Indian Reservation,22002,2022-03-07T00:00:00Z,2023-05-22T03:41:22Z,eefe4ffb2ce355b2ec4a8ebce5bb3c447947309a,42bf90b5-6077-4a3e-b38c-119065020795,2021
4635,1119,7529754.72,6680204.6,849550.12,25956459.64,5611170.26,19278580.73,2023-11-02T00:00:00Z,2023-11-02T00:00:00Z,2158862,1de038d10e73f44127b2b4074d4b4b0618b37025,2023-11-02T05:42:36Z,fffc8aab-feef-417e-b60a-33adc9dae477,DR-4635-WA,WA,DR,2022-01-05T00:00:00Z,2022,Flood,"SEVERE STORMS, STRAIGHT-LINE WINDS, FLOODING, LANDSLIDES, AND MUDSLIDES",1,0,1,1,2021-11-05T00:00:00Z,2021-12-02T00:00:00Z,NA,0,53,000,57010,Quileute Indian Reservation,22002,2022-03-07T00:00:00Z,2023-05-22T03:41:22Z,9cae274370fb93bb8d59b8b28ae00a2c3c317738,b31fdb76-feb5-476f-b6fa-6dfe6c2f3327,2021
4635,1119,7529754.72,6680204.6,849550.12,25956459.64,5611170.26,19278580.73,2023-11-02T00:00:00Z,2023-11-02T00:00:00Z,2158862,1de038d10e73f44127b2b4074d4b4b0618b37025,2023-11-02T05:42:36Z,fffc8aab-feef-417e-b60a-33adc9dae477,DR-4635-WA,WA,DR,2022-01-05T00:00:00Z,2022,Flood,"SEVERE STORMS, STRAIGHT-LINE WINDS, FLOODING, LANDSLIDES, AND MUDSLIDES",1,0,1,1,2021-11-05T00:00:00Z,2021-12-02T00:00:00Z,NA,0,53,009,99009,Clallam (County),22002,2022-03-07T00:00:00Z,2023-05-22T03:41:22Z,075fc62d37bd2108fceebe9a08c2a59384844bc7,ee34fddc-dced-41fe-a32d-cd22b0b44697,2021
4635,1119,7529754.72,6680204.6,849550.12,25956459.64,5611170.26,19278580.73,2023-11-02T00:00:00Z,2023-11-02T00:00:00Z,2158862,1de038d10e73f44127b2b4074d4b4b0618b37025,2023-11-02T05:42:36Z,fffc8aab-feef-417e-b60a-33adc9dae477,DR-4635-WA,WA,DR,2022-01-05T00:00:00Z,2022,Flood,"SEVERE STORMS, STRAIGHT-LINE WINDS, FLOODING, LANDSLIDES, AND MUDSLIDES",1,0,1,1,2021-11-05T00:00:00Z,2021-12-02T00:00:00Z,NA,0,53,057,99057,Skagit (County),22002,2022-03-07T00:00:00Z,2023-05-22T03:41:22Z,c239c0611cd3ee93f8791be16c2fb3a3edd6a177,b1f558c8-e330-46aa-b9e9-464c7437e768,2021
4635,1119,7529754.72,6680204.6,849550.12,25956459.64,5611170.26,19278580.73,2023-11-02T00:00:00Z,2023-11-02T00:00:00Z,2158862,1de038d10e73f44127b2b4074d4b4b0618b37025,2023-11-02T05:42:36Z,fffc8aab-feef-417e-b60a-33adc9dae477,DR-4635-WA,WA,DR,2022-01-05T00:00:00Z,2022,Flood,"SEVERE STORMS, STRAIGHT-LINE WINDS, FLOODING, LANDSLIDES, AND MUDSLIDES",1,0,1,1,2021-11-05T00:00:00Z,2021-12-02T00:00:00Z,NA,0,53,073,99073,Whatcom (County),22002,2022-03-07T00:00:00Z,2023-05-22T03:41:22Z,da3f48aaf194d56822c1e3f9f67f2bd7bda345e3,15221689-304a-4222-a1b4-f4cc04de2551,2021